,Ball 0,,,,,Ball 1,,,,,
,m:,10,,,,m:,10,,,,
,r:,1,,,,r:,1,,,,
,k:,900,,,,k:,900,,,,
,rot: ,true,,,,,,,,,
,u_k: ,0.5,,,,,,,,,
t,s_x,s_y,v_x,v_y,w,s_x,s_y,v_x,v_y,w,
0.001,0.003,0,3,0,0,2.1,0,0,0,0,
0.002,0.006,0,3,0,0,2.1,0,0,0,0,
0.003,0.009,0,3,0,0,2.1,0,0,0,0,
0.004,0.012,0,3,0,0,2.1,0,0,0,0,
0.005,0.015,0,3,0,0,2.1,0,0,0,0,
0.006,0.018,0,3,0,0,2.1,0,0,0,0,
0.007,0.021,0,3,0,0,2.1,0,0,0,0,
0.008,0.024,0,3,0,0,2.1,0,0,0,0,
0.009,0.027,0,3,0,0,2.1,0,0,0,0,
0.01,0.03,0,3,0,0,2.1,0,0,0,0,
0.011,0.033,0,3,0,0,2.1,0,0,0,0,
0.012,0.036,0,3,0,0,2.1,0,0,0,0,
0.013,0.039,0,3,0,0,2.1,0,0,0,0,
0.014,0.042,0,3,0,0,2.1,0,0,0,0,
0.015,0.045,0,3,0,0,2.1,0,0,0,0,
0.016,0.048,0,3,0,0,2.1,0,0,0,0,
0.017,0.051,0,3,0,0,2.1,0,0,0,0,
0.018,0.054,0,3,0,0,2.1,0,0,0,0,
0.019,0.057,0,3,0,0,2.1,0,0,0,0,
0.02,0.06,0,3,0,0,2.1,0,0,0,0,
0.021,0.063,0,3,0,0,2.1,0,0,0,0,
0.022,0.066,0,3,0,0,2.1,0,0,0,0,
0.023,0.069,0,3,0,0,2.1,0,0,0,0,
0.024,0.072,0,3,0,0,2.1,0,0,0,0,
0.025,0.075,0,3,0,0,2.1,0,0,0,0,
0.026,0.078,0,3,0,0,2.1,0,0,0,0,
0.027,0.081,0,3,0,0,2.1,0,0,0,0,
0.028,0.084,0,3,0,0,2.1,0,0,0,0,
0.029,0.087,0,3,0,0,2.1,0,0,0,0,
0.03,0.09,0,3,0,0,2.1,0,0,0,0,
0.031,0.093,0,3,0,0,2.1,0,0,0,0,
0.032,0.096,0,3,0,0,2.1,0,0,0,0,
0.033,0.099,0,3,0,0,2.1,0,0,0,0,
0.034,0.102,0,3,0,0,2.1,0,0,0,0,
0.035,0.105,0,2.99991,0,0,2.1,0,9e-005,0,0,
0.036,0.108,0,2.99969,0,0,2.1,0,0.000314992,0,0,
0.037,0.110999,0,2.99933,0,0,2.1,0,0.000674955,0,0,
0.038,0.113998,0,2.99883,0,0,2.1,0,0.00116986,0,0,
0.039,0.116996,0,2.9982,0,0,2.1,0,0.00179966,0,0,
0.04,0.119993,0,2.99744,0,0,2.10001,0,0.00256429,0,0,
0.041,0.12299,0,2.99654,0,0,2.10001,0,0.0034637,0,0,
0.042,0.125985,0,2.9955,0,0,2.10001,0,0.00449779,0,0,
0.043,0.12898,0,2.99433,0,0,2.10002,0,0.00566648,0,0,
0.044,0.131973,0,2.99303,0,0,2.10003,0,0.00696966,0,0,
0.045,0.134964,0,2.99159,0,0,2.10004,0,0.00840721,0,0,
0.046,0.137954,0,2.99002,0,0,2.10005,0,0.009979,0,0,
0.047,0.140943,0,2.98832,0,0,2.10006,0,0.0116849,0,0,
0.048,0.143929,0,2.98648,0,0,2.10007,0,0.0135247,0,0,
0.049,0.146914,0,2.9845,0,0,2.10009,0,0.0154984,0,0,
0.05,0.149896,0,2.98239,0,0,2.1001,0,0.0176056,0,0,
0.051,0.152876,0,2.98015,0,0,2.10012,0,0.0198462,0,0,
0.052,0.155854,0,2.97778,0,0,2.10015,0,0.0222201,0,0,
0.053,0.158829,0,2.97527,0,0,2.10017,0,0.024727,0,0,
0.054,0.161802,0,2.97263,0,0,2.1002,0,0.0273666,0,0,
0.055,0.164772,0,2.96986,0,0,2.10023,0,0.0301388,0,0,
0.056,0.167739,0,2.96696,0,0,2.10026,0,0.0330432,0,0,
0.057,0.170703,0,2.96392,0,0,2.1003,0,0.0360797,0,0,
0.058,0.173663,0,2.96075,0,0,2.10034,0,0.039248,0,0,
0.059,0.176621,0,2.95745,0,0,2.10038,0,0.0425477,0,0,
0.06,0.179575,0,2.95402,0,0,2.10043,0,0.0459786,0,0,
0.061,0.182525,0,2.95046,0,0,2.10047,0,0.0495403,0,0,
0.062,0.185472,0,2.94677,0,0,2.10053,0,0.0532326,0,0,
0.063,0.188415,0,2.94294,0,0,2.10058,0,0.0570551,0,0,
0.064,0.191354,0,2.93899,0,0,2.10065,0,0.0610074,0,0,
0.065,0.194289,0,2.93491,0,0,2.10071,0,0.0650893,0,0,
0.066,0.19722,0,2.9307,0,0,2.10078,0,0.0693003,0,0,
0.067,0.200146,0,2.92636,0,0,2.10085,0,0.0736401,0,0,
0.068,0.203068,0,2.92189,0,0,2.10093,0,0.0781082,0,0,
0.069,0.205985,0,2.9173,0,0,2.10101,0,0.0827043,0,0,
0.07,0.208898,0,2.91257,0,0,2.1011,0,0.087428,0,0,
0.071,0.211806,0,2.90772,0,0,2.10119,0,0.0922788,0,0,
0.072,0.214708,0,2.90274,0,0,2.10129,0,0.0972563,0,0,
0.073,0.217606,0,2.89764,0,0,2.10139,0,0.10236,0,0,
0.074,0.220498,0,2.89241,0,0,2.1015,0,0.10759,0,0,
0.075,0.223385,0,2.88706,0,0,2.10161,0,0.112944,0,0,
0.076,0.226267,0,2.88158,0,0,2.10173,0,0.118424,0,0,
0.077,0.229143,0,2.87597,0,0,2.10186,0,0.124028,0,0,
0.078,0.232013,0,2.87024,0,0,2.10199,0,0.129756,0,0,
0.079,0.234878,0,2.86439,0,0,2.10212,0,0.135607,0,0,
0.08,0.237736,0,2.85842,0,0,2.10226,0,0.141581,0,0,
0.081,0.240588,0,2.85232,0,0,2.10241,0,0.147677,0,0,
0.082,0.243434,0,2.8461,0,0,2.10257,0,0.153895,0,0,
0.083,0.246274,0,2.83977,0,0,2.10273,0,0.160234,0,0,
0.084,0.249107,0,2.83331,0,0,2.10289,0,0.166694,0,0,
0.085,0.251934,0,2.82673,0,0,2.10307,0,0.173274,0,0,
0.086,0.254754,0,2.82003,0,0,2.10325,0,0.179973,0,0,
0.087,0.257567,0,2.81321,0,0,2.10343,0,0.186791,0,0,
0.088,0.260374,0,2.80627,0,0,2.10363,0,0.193727,0,0,
0.089,0.263173,0,2.79922,0,0,2.10383,0,0.20078,0,0,
0.09,0.265965,0,2.79205,0,0,2.10404,0,0.207951,0,0,
0.091,0.26875,0,2.78476,0,0,2.10425,0,0.215238,0,0,
0.092,0.271527,0,2.77736,0,0,2.10447,0,0.22264,0,0,
0.093,0.274297,0,2.76984,0,0,2.1047,0,0.230158,0,0,
0.094,0.277059,0,2.76221,0,0,2.10494,0,0.237789,0,0,
0.095,0.279814,0,2.75447,0,0,2.10519,0,0.245535,0,0,
0.096,0.28256,0,2.74661,0,0,2.10544,0,0.253393,0,0,
0.097,0.285299,0,2.73864,0,0,2.1057,0,0.261363,0,0,
0.098,0.288029,0,2.73055,0,0,2.10597,0,0.269445,0,0,
0.099,0.290752,0,2.72236,0,0,2.10625,0,0.277638,0,0,
0.1,0.293466,0,2.71406,0,0,2.10653,0,0.285941,0,0,
0.101,0.296171,0,2.70565,0,0,2.10683,0,0.294353,0,0,
0.102,0.298869,0,2.69713,0,0,2.10713,0,0.302873,0,0,
0.103,0.301557,0,2.6885,0,0,2.10744,0,0.311501,0,0,
0.104,0.304237,0,2.67976,0,0,2.10776,0,0.320236,0,0,
0.105,0.306908,0,2.67092,0,0,2.10809,0,0.329078,0,0,
0.106,0.30957,0,2.66198,0,0,2.10843,0,0.338024,0,0,
0.107,0.312223,0,2.65292,0,0,2.10878,0,0.347076,0,0,
0.108,0.314866,0,2.64377,0,0,2.10913,0,0.356231,0,0,
0.109,0.317501,0,2.63451,0,0,2.1095,0,0.365489,0,0,
0.11,0.320126,0,2.62515,0,0,2.10987,0,0.374849,0,0,
0.111,0.322742,0,2.61569,0,0,2.11026,0,0.38431,0,0,
0.112,0.325348,0,2.60613,0,0,2.11065,0,0.393872,0,0,
0.113,0.327944,0,2.59647,0,0,2.11106,0,0.403533,0,0,
0.114,0.330531,0,2.58671,0,0,2.11147,0,0.413293,0,0,
0.115,0.333108,0,2.57685,0,0,2.11189,0,0.423151,0,0,
0.116,0.335675,0,2.56689,0,0,2.11233,0,0.433106,0,0,
0.117,0.338232,0,2.55684,0,0,2.11277,0,0.443156,0,0,
0.118,0.340778,0,2.5467,0,0,2.11322,0,0.453302,0,0,
0.119,0.343315,0,2.53646,0,0,2.11369,0,0.463542,0,0,
0.12,0.345841,0,2.52612,0,0,2.11416,0,0.473876,0,0,
0.121,0.348357,0,2.5157,0,0,2.11464,0,0.484301,0,0,
0.122,0.350862,0,2.50518,0,0,2.11514,0,0.494818,0,0,
0.123,0.353356,0,2.49457,0,0,2.11564,0,0.505426,0,0,
0.124,0.35584,0,2.48388,0,0,2.11616,0,0.516123,0,0,
0.125,0.358313,0,2.47309,0,0,2.11669,0,0.526909,0,0,
0.126,0.360776,0,2.46222,0,0,2.11722,0,0.537782,0,0,
0.127,0.363227,0,2.45126,0,0,2.11777,0,0.548742,0,0,
0.128,0.365667,0,2.44021,0,0,2.11833,0,0.559787,0,0,
0.129,0.368096,0,2.42908,0,0,2.1189,0,0.570917,0,0,
0.13,0.370514,0,2.41787,0,0,2.11949,0,0.582131,0,0,
0.131,0.372921,0,2.40657,0,0,2.12008,0,0.593427,0,0,
0.132,0.375316,0,2.3952,0,0,2.12068,0,0.604805,0,0,
0.133,0.3777,0,2.38374,0,0,2.1213,0,0.616263,0,0,
0.134,0.380072,0,2.3722,0,0,2.12193,0,0.627801,0,0,
0.135,0.382432,0,2.36058,0,0,2.12257,0,0.639418,0,0,
0.136,0.384781,0,2.34889,0,0,2.12322,0,0.651112,0,0,
0.137,0.387118,0,2.33712,0,0,2.12388,0,0.662882,0,0,
0.138,0.389444,0,2.32527,0,0,2.12456,0,0.674728,0,0,
0.139,0.391757,0,2.31335,0,0,2.12524,0,0.686648,0,0,
0.14,0.394058,0,2.30136,0,0,2.12594,0,0.698641,0,0,
0.141,0.396348,0,2.28929,0,0,2.12665,0,0.710706,0,0,
0.142,0.398625,0,2.27716,0,0,2.12738,0,0.722842,0,0,
0.143,0.40089,0,2.26495,0,0,2.12811,0,0.735048,0,0,
0.144,0.403142,0,2.25268,0,0,2.12886,0,0.747324,0,0,
0.145,0.405383,0,2.24033,0,0,2.12962,0,0.759666,0,0,
0.146,0.407611,0,2.22792,0,0,2.13039,0,0.772076,0,0,
0.147,0.409826,0,2.21545,0,0,2.13117,0,0.784551,0,0,
0.148,0.412029,0,2.20291,0,0,2.13197,0,0.79709,0,0,
0.149,0.414219,0,2.19031,0,0,2.13278,0,0.809693,0,0,
0.15,0.416397,0,2.17764,0,0,2.1336,0,0.822357,0,0,
0.151,0.418562,0,2.16492,0,0,2.13444,0,0.835083,0,0,
0.152,0.420714,0,2.15213,0,0,2.13529,0,0.847869,0,0,
0.153,0.422853,0,2.13929,0,0,2.13615,0,0.860713,0,0,
0.154,0.42498,0,2.12639,0,0,2.13702,0,0.873615,0,0,
0.155,0.427093,0,2.11343,0,0,2.13791,0,0.886573,0,0,
0.156,0.429194,0,2.10041,0,0,2.13881,0,0.899586,0,0,
0.157,0.431281,0,2.08735,0,0,2.13972,0,0.912654,0,0,
0.158,0.433355,0,2.07423,0,0,2.14064,0,0.925774,0,0,
0.159,0.435416,0,2.06105,0,0,2.14158,0,0.938946,0,0,
0.16,0.437464,0,2.04783,0,0,2.14254,0,0.952168,0,0,
0.161,0.439499,0,2.03456,0,0,2.1435,0,0.96544,0,0,
0.162,0.44152,0,2.02124,0,0,2.14448,0,0.97876,0,0,
0.163,0.443528,0,2.00787,0,0,2.14547,0,0.992127,0,0,
0.164,0.445522,0,1.99446,0,0,2.14648,0,1.00554,0,0,
0.165,0.447503,0,1.981,0,0,2.1475,0,1.019,0,0,
0.166,0.449471,0,1.9675,0,0,2.14853,0,1.0325,0,0,
0.167,0.451425,0,1.95396,0,0,2.14958,0,1.04604,0,0,
0.168,0.453365,0,1.94038,0,0,2.15064,0,1.05962,0,0,
0.169,0.455292,0,1.92675,0,0,2.15171,0,1.07325,0,0,
0.17,0.457205,0,1.91309,0,0,2.1528,0,1.08691,0,0,
0.171,0.459104,0,1.8994,0,0,2.1539,0,1.1006,0,0,
0.172,0.46099,0,1.88566,0,0,2.15501,0,1.11434,0,0,
0.173,0.462862,0,1.87189,0,0,2.15614,0,1.12811,0,0,
0.174,0.46472,0,1.85809,0,0,2.15728,0,1.14191,0,0,
0.175,0.466564,0,1.84425,0,0,2.15844,0,1.15575,0,0,
0.176,0.468394,0,1.83039,0,0,2.15961,0,1.16961,0,0,
0.177,0.470211,0,1.81649,0,0,2.16079,0,1.18351,0,0,
0.178,0.472014,0,1.80257,0,0,2.16199,0,1.19743,0,0,
0.179,0.473802,0,1.78862,0,0,2.1632,0,1.21138,0,0,
0.18,0.475577,0,1.77464,0,0,2.16442,0,1.22536,0,0,
0.181,0.477337,0,1.76064,0,0,2.16566,0,1.23936,0,0,
0.182,0.479084,0,1.74661,0,0,2.16692,0,1.25339,0,0,
0.183,0.480817,0,1.73257,0,0,2.16818,0,1.26743,0,0,
0.184,0.482535,0,1.7185,0,0,2.16946,0,1.2815,0,0,
0.185,0.48424,0,1.70441,0,0,2.17076,0,1.29559,0,0,
0.186,0.48593,0,1.6903,0,0,2.17207,0,1.3097,0,0,
0.187,0.487606,0,1.67618,0,0,2.17339,0,1.32382,0,0,
0.188,0.489268,0,1.66204,0,0,2.17473,0,1.33796,0,0,
0.189,0.490916,0,1.64789,0,0,2.17608,0,1.35211,0,0,
0.19,0.49255,0,1.63372,0,0,2.17745,0,1.36628,0,0,
0.191,0.494169,0,1.61954,0,0,2.17883,0,1.38046,0,0,
0.192,0.495775,0,1.60535,0,0,2.18023,0,1.39465,0,0,
0.193,0.497366,0,1.59115,0,0,2.18163,0,1.40885,0,0,
0.194,0.498943,0,1.57694,0,0,2.18306,0,1.42306,0,0,
0.195,0.500505,0,1.56273,0,0,2.18449,0,1.43727,0,0,
0.196,0.502054,0,1.54851,0,0,2.18595,0,1.45149,0,0,
0.197,0.503588,0,1.53428,0,0,2.18741,0,1.46572,0,0,
0.198,0.505108,0,1.52005,0,0,2.18889,0,1.47995,0,0,
0.199,0.506614,0,1.50582,0,0,2.19039,0,1.49418,0,0,
0.2,0.508106,0,1.49159,0,0,2.19189,0,1.50841,0,0,
0.201,0.509583,0,1.47736,0,0,2.19342,0,1.52264,0,0,
0.202,0.511046,0,1.46314,0,0,2.19495,0,1.53686,0,0,
0.203,0.512495,0,1.44891,0,0,2.1965,0,1.55109,0,0,
0.204,0.51393,0,1.43469,0,0,2.19807,0,1.56531,0,0,
0.205,0.51535,0,1.42048,0,0,2.19965,0,1.57952,0,0,
0.206,0.516756,0,1.40627,0,0,2.20124,0,1.59373,0,0,
0.207,0.518149,0,1.39207,0,0,2.20285,0,1.60793,0,0,
0.208,0.519526,0,1.37789,0,0,2.20447,0,1.62211,0,0,
0.209,0.52089,0,1.36371,0,0,2.20611,0,1.63629,0,0,
0.21,0.52224,0,1.34954,0,0,2.20776,0,1.65046,0,0,
0.211,0.523575,0,1.33539,0,0,2.20942,0,1.66461,0,0,
0.212,0.524896,0,1.32125,0,0,2.2111,0,1.67875,0,0,
0.213,0.526203,0,1.30713,0,0,2.2128,0,1.69287,0,0,
0.214,0.527496,0,1.29303,0,0,2.2145,0,1.70697,0,0,
0.215,0.528775,0,1.27895,0,0,2.21622,0,1.72105,0,0,
0.216,0.53004,0,1.26488,0,0,2.21796,0,1.73512,0,0,
0.217,0.531291,0,1.25084,0,0,2.21971,0,1.74916,0,0,
0.218,0.532528,0,1.23682,0,0,2.22147,0,1.76318,0,0,
0.219,0.533751,0,1.22282,0,0,2.22325,0,1.77718,0,0,
0.22,0.53496,0,1.20885,0,0,2.22504,0,1.79115,0,0,
0.221,0.536155,0,1.1949,0,0,2.22685,0,1.8051,0,0,
0.222,0.537336,0,1.18098,0,0,2.22866,0,1.81902,0,0,
0.223,0.538503,0,1.16709,0,0,2.2305,0,1.83291,0,0,
0.224,0.539656,0,1.15323,0,0,2.23234,0,1.84677,0,0,
0.225,0.540795,0,1.1394,0,0,2.2342,0,1.8606,0,0,
0.226,0.541921,0,1.1256,0,0,2.23608,0,1.8744,0,0,
0.227,0.543033,0,1.11184,0,0,2.23797,0,1.88816,0,0,
0.228,0.544131,0,1.09811,0,0,2.23987,0,1.90189,0,0,
0.229,0.545215,0,1.08442,0,0,2.24178,0,1.91558,0,0,
0.23,0.546286,0,1.07077,0,0,2.24371,0,1.92923,0,0,
0.231,0.547343,0,1.05715,0,0,2.24566,0,1.94285,0,0,
0.232,0.548387,0,1.04358,0,0,2.24761,0,1.95642,0,0,
0.233,0.549417,0,1.03004,0,0,2.24958,0,1.96996,0,0,
0.234,0.550433,0,1.01655,0,0,2.25157,0,1.98345,0,0,
0.235,0.551436,0,1.0031,0,0,2.25356,0,1.9969,0,0,
0.236,0.552426,0,0.989696,0,0,2.25557,0,2.0103,0,0,
0.237,0.553402,0,0.976337,0,0,2.2576,0,2.02366,0,0,
0.238,0.554365,0,0.963026,0,0,2.25963,0,2.03697,0,0,
0.239,0.555315,0,0.949763,0,0,2.26168,0,2.05024,0,0,
0.24,0.556252,0,0.93655,0,0,2.26375,0,2.06345,0,0,
0.241,0.557175,0,0.923387,0,0,2.26582,0,2.07661,0,0,
0.242,0.558085,0,0.910276,0,0,2.26791,0,2.08972,0,0,
0.243,0.558983,0,0.897219,0,0,2.27002,0,2.10278,0,0,
0.244,0.559867,0,0.884215,0,0,2.27213,0,2.11578,0,0,
0.245,0.560738,0,0.871267,0,0,2.27426,0,2.12873,0,0,
0.246,0.561597,0,0.858376,0,0,2.2764,0,2.14162,0,0,
0.247,0.562442,0,0.845542,0,0,2.27856,0,2.15446,0,0,
0.248,0.563275,0,0.832767,0,0,2.28073,0,2.16723,0,0,
0.249,0.564095,0,0.820053,0,0,2.28291,0,2.17995,0,0,
0.25,0.564902,0,0.807399,0,0,2.2851,0,2.1926,0,0,
0.251,0.565697,0,0.794808,0,0,2.2873,0,2.20519,0,0,
0.252,0.566479,0,0.78228,0,0,2.28952,0,2.21772,0,0,
0.253,0.567249,0,0.769817,0,0,2.29175,0,2.23018,0,0,
0.254,0.568007,0,0.757419,0,0,2.29399,0,2.24258,0,0,
0.255,0.568752,0,0.745089,0,0,2.29625,0,2.25491,0,0,
0.256,0.569485,0,0.732826,0,0,2.29852,0,2.26717,0,0,
0.257,0.570205,0,0.720633,0,0,2.30079,0,2.27937,0,0,
0.258,0.570914,0,0.708509,0,0,2.30309,0,2.29149,0,0,
0.259,0.57161,0,0.696457,0,0,2.30539,0,2.30354,0,0,
0.26,0.572295,0,0.684477,0,0,2.30771,0,2.31552,0,0,
0.261,0.572967,0,0.67257,0,0,2.31003,0,2.32743,0,0,
0.262,0.573628,0,0.660738,0,0,2.31237,0,2.33926,0,0,
0.263,0.574277,0,0.648982,0,0,2.31472,0,2.35102,0,0,
0.264,0.574914,0,0.637302,0,0,2.31709,0,2.3627,0,0,
0.265,0.57554,0,0.6257,0,0,2.31946,0,2.3743,0,0,
0.266,0.576154,0,0.614176,0,0,2.32185,0,2.38582,0,0,
0.267,0.576757,0,0.602732,0,0,2.32424,0,2.39727,0,0,
0.268,0.577348,0,0.591369,0,0,2.32665,0,2.40863,0,0,
0.269,0.577928,0,0.580088,0,0,2.32907,0,2.41991,0,0,
0.27,0.578497,0,0.568889,0,0,2.3315,0,2.43111,0,0,
0.271,0.579055,0,0.557775,0,0,2.33395,0,2.44223,0,0,
0.272,0.579602,0,0.546745,0,0,2.3364,0,2.45326,0,0,
0.273,0.580137,0,0.5358,0,0,2.33886,0,2.4642,0,0,
0.274,0.580662,0,0.524943,0,0,2.34134,0,2.47506,0,0,
0.275,0.581177,0,0.514173,0,0,2.34382,0,2.48583,0,0,
0.276,0.58168,0,0.503493,0,0,2.34632,0,2.49651,0,0,
0.277,0.582173,0,0.492901,0,0,2.34883,0,2.5071,0,0,
0.278,0.582655,0,0.482401,0,0,2.35134,0,2.5176,0,0,
0.279,0.583127,0,0.471992,0,0,2.35387,0,2.52801,0,0,
0.28,0.583589,0,0.461675,0,0,2.35641,0,2.53832,0,0,
0.281,0.58404,0,0.451452,0,0,2.35896,0,2.54855,0,0,
0.282,0.584482,0,0.441324,0,0,2.36152,0,2.55868,0,0,
0.283,0.584913,0,0.43129,0,0,2.36409,0,2.56871,0,0,
0.284,0.585334,0,0.421353,0,0,2.36667,0,2.57865,0,0,
0.285,0.585746,0,0.411513,0,0,2.36925,0,2.58849,0,0,
0.286,0.586148,0,0.401771,0,0,2.37185,0,2.59823,0,0,
0.287,0.58654,0,0.392128,0,0,2.37446,0,2.60787,0,0,
0.288,0.586922,0,0.382584,0,0,2.37708,0,2.61742,0,0,
0.289,0.587296,0,0.373141,0,0,2.3797,0,2.62686,0,0,
0.29,0.587659,0,0.363799,0,0,2.38234,0,2.6362,0,0,
0.291,0.588014,0,0.35456,0,0,2.38499,0,2.64544,0,0,
0.292,0.588359,0,0.345424,0,0,2.38764,0,2.65458,0,0,
0.293,0.588696,0,0.336391,0,0,2.3903,0,2.66361,0,0,
0.294,0.589023,0,0.327464,0,0,2.39298,0,2.67254,0,0,
0.295,0.589342,0,0.318642,0,0,2.39566,0,2.68136,0,0,
0.296,0.589652,0,0.309926,0,0,2.39835,0,2.69007,0,0,
0.297,0.589953,0,0.301317,0,0,2.40105,0,2.69868,0,0,
0.298,0.590246,0,0.292817,0,0,2.40375,0,2.70718,0,0,
0.299,0.59053,0,0.284424,0,0,2.40647,0,2.71558,0,0,
0.3,0.590806,0,0.276142,0,0,2.40919,0,2.72386,0,0,
0.301,0.591074,0,0.267969,0,0,2.41193,0,2.73203,0,0,
0.302,0.591334,0,0.259907,0,0,2.41467,0,2.74009,0,0,
0.303,0.591586,0,0.251957,0,0,2.41741,0,2.74804,0,0,
0.304,0.59183,0,0.24412,0,0,2.42017,0,2.75588,0,0,
0.305,0.592067,0,0.236395,0,0,2.42293,0,2.76361,0,0,
0.306,0.592296,0,0.228784,0,0,2.4257,0,2.77122,0,0,
0.307,0.592517,0,0.221287,0,0,2.42848,0,2.77871,0,0,
0.308,0.592731,0,0.213906,0,0,2.43127,0,2.78609,0,0,
0.309,0.592937,0,0.20664,0,0,2.43406,0,2.79336,0,0,
0.31,0.593137,0,0.199491,0,0,2.43686,0,2.80051,0,0,
0.311,0.593329,0,0.192458,0,0,2.43967,0,2.80754,0,0,
0.312,0.593515,0,0.185544,0,0,2.44249,0,2.81446,0,0,
0.313,0.593694,0,0.178747,0,0,2.44531,0,2.82125,0,0,
0.314,0.593866,0,0.17207,0,0,2.44813,0,2.82793,0,0,
0.315,0.594031,0,0.165512,0,0,2.45097,0,2.83449,0,0,
0.316,0.59419,0,0.159074,0,0,2.45381,0,2.84093,0,0,
0.317,0.594343,0,0.152757,0,0,2.45666,0,2.84724,0,0,
0.318,0.59449,0,0.146561,0,0,2.45951,0,2.85344,0,0,
0.319,0.59463,0,0.140487,0,0,2.46237,0,2.85951,0,0,
0.32,0.594765,0,0.134535,0,0,2.46524,0,2.86546,0,0,
0.321,0.594893,0,0.128706,0,0,2.46811,0,2.87129,0,0,
0.322,0.595016,0,0.123001,0,0,2.47098,0,2.877,0,0,
0.323,0.595134,0,0.11742,0,0,2.47387,0,2.88258,0,0,
0.324,0.595246,0,0.111962,0,0,2.47675,0,2.88804,0,0,
0.325,0.595352,0,0.10663,0,0,2.47965,0,2.89337,0,0,
0.326,0.595454,0,0.101424,0,0,2.48255,0,2.89858,0,0,
0.327,0.59555,0,0.0963428,0,0,2.48545,0,2.90366,0,0,
0.328,0.595642,0,0.0913883,0,0,2.48836,0,2.90861,0,0,
0.329,0.595728,0,0.0865605,0,0,2.49127,0,2.91344,0,0,
0.33,0.59581,0,0.08186,0,0,2.49419,0,2.91814,0,0,
0.331,0.595887,0,0.0772871,0,0,2.49711,0,2.92271,0,0,
0.332,0.59596,0,0.0728423,0,0,2.50004,0,2.92716,0,0,
0.333,0.596029,0,0.0685259,0,0,2.50297,0,2.93147,0,0,
0.334,0.596093,0,0.0643383,0,0,2.50591,0,2.93566,0,0,
0.335,0.596153,0,0.0602799,0,0,2.50885,0,2.93972,0,0,
0.336,0.59621,0,0.0563511,0,0,2.51179,0,2.94365,0,0,
0.337,0.596262,0,0.0525522,0,0,2.51474,0,2.94745,0,0,
0.338,0.596311,0,0.0488836,0,0,2.51769,0,2.95112,0,0,
0.339,0.596356,0,0.0453457,0,0,2.52064,0,2.95465,0,0,
0.34,0.596398,0,0.0419386,0,0,2.5236,0,2.95806,0,0,
0.341,0.596437,0,0.0386627,0,0,2.52656,0,2.96134,0,0,
0.342,0.596473,0,0.0355184,0,0,2.52953,0,2.96448,0,0,
0.343,0.596505,0,0.0325059,0,0,2.53249,0,2.96749,0,0,
0.344,0.596535,0,0.0296254,0,0,2.53547,0,2.97037,0,0,
0.345,0.596562,0,0.0268773,0,0,2.53844,0,2.97312,0,0,
0.346,0.596586,0,0.0242618,0,0,2.54141,0,2.97574,0,0,
0.347,0.596608,0,0.021779,0,0,2.54439,0,2.97822,0,0,
0.348,0.596627,0,0.0194294,0,0,2.54737,0,2.98057,0,0,
0.349,0.596644,0,0.0172129,0,0,2.55036,0,2.98279,0,0,
0.35,0.596659,0,0.01513,0,0,2.55334,0,2.98487,0,0,
0.351,0.596673,0,0.0131806,0,0,2.55633,0,2.98682,0,0,
0.352,0.596684,0,0.0113651,0,0,2.55932,0,2.98863,0,0,
0.353,0.596694,0,0.00968354,0,0,2.56231,0,2.99032,0,0,
0.354,0.596702,0,0.00813612,0,0,2.5653,0,2.99186,0,0,
0.355,0.596708,0,0.00672296,0,0,2.56829,0,2.99328,0,0,
0.356,0.596714,0,0.0054442,0,0,2.57129,0,2.99456,0,0,
0.357,0.596718,0,0.00429996,0,0,2.57428,0,2.9957,0,0,
0.358,0.596721,0,0.00329032,0,0,2.57728,0,2.99671,0,0,
0.359,0.596724,0,0.00241539,0,0,2.58028,0,2.99758,0,0,
0.36,0.596726,0,0.00167524,0,0,2.58327,0,2.99832,0,0,
0.361,0.596727,0,0.00106994,0,0,2.58627,0,2.99893,0,0,
0.362,0.596727,0,0.000599543,0,0,2.58927,0,2.9994,0,0,
0.363,0.596727,0,0.000264093,0,0,2.59227,0,2.99974,0,0,
0.364,0.596728,0,6.36196e-005,0,0,2.59527,0,2.99994,0,0,
0.365,0.596728,0,-1.85992e-006,0,0,2.59827,0,3,0,0,
0.366,0.596728,0,-1.85992e-006,0,0,2.60127,0,3,0,0,
0.367,0.596728,0,-1.85992e-006,0,0,2.60427,0,3,0,0,
0.368,0.596728,0,-1.85992e-006,0,0,2.60727,0,3,0,0,
0.369,0.596728,0,-1.85992e-006,0,0,2.61027,0,3,0,0,
0.37,0.596728,0,-1.85992e-006,0,0,2.61327,0,3,0,0,
0.371,0.596728,0,-1.85992e-006,0,0,2.61627,0,3,0,0,
0.372,0.596728,0,-1.85992e-006,0,0,2.61927,0,3,0,0,
0.373,0.596728,0,-1.85992e-006,0,0,2.62227,0,3,0,0,
0.374,0.596728,0,-1.85992e-006,0,0,2.62527,0,3,0,0,
0.375,0.596728,0,-1.85992e-006,0,0,2.62827,0,3,0,0,
0.376,0.596728,0,-1.85992e-006,0,0,2.63127,0,3,0,0,
0.377,0.596728,0,-1.85992e-006,0,0,2.63427,0,3,0,0,
0.378,0.596728,0,-1.85992e-006,0,0,2.63727,0,3,0,0,
0.379,0.596728,0,-1.85992e-006,0,0,2.64027,0,3,0,0,
0.38,0.596728,0,-1.85992e-006,0,0,2.64327,0,3,0,0,
0.381,0.596728,0,-1.85992e-006,0,0,2.64627,0,3,0,0,
0.382,0.596728,0,-1.85992e-006,0,0,2.64927,0,3,0,0,
0.383,0.596728,0,-1.85992e-006,0,0,2.65227,0,3,0,0,
0.384,0.596728,0,-1.85992e-006,0,0,2.65527,0,3,0,0,
0.385,0.596728,0,-1.85992e-006,0,0,2.65827,0,3,0,0,
0.386,0.596728,0,-1.85992e-006,0,0,2.66127,0,3,0,0,
0.387,0.596728,0,-1.85992e-006,0,0,2.66427,0,3,0,0,
0.388,0.596728,0,-1.85992e-006,0,0,2.66727,0,3,0,0,
0.389,0.596728,0,-1.85992e-006,0,0,2.67027,0,3,0,0,
0.39,0.596728,0,-1.85992e-006,0,0,2.67327,0,3,0,0,
0.391,0.596727,0,-1.85992e-006,0,0,2.67627,0,3,0,0,
0.392,0.596727,0,-1.85992e-006,0,0,2.67927,0,3,0,0,
0.393,0.596727,0,-1.85992e-006,0,0,2.68227,0,3,0,0,
0.394,0.596727,0,-1.85992e-006,0,0,2.68527,0,3,0,0,
0.395,0.596727,0,-1.85992e-006,0,0,2.68827,0,3,0,0,
0.396,0.596727,0,-1.85992e-006,0,0,2.69127,0,3,0,0,
0.397,0.596727,0,-1.85992e-006,0,0,2.69427,0,3,0,0,
0.398,0.596727,0,-1.85992e-006,0,0,2.69727,0,3,0,0,
0.399,0.596727,0,-1.85992e-006,0,0,2.70027,0,3,0,0,
0.4,0.596727,0,-1.85992e-006,0,0,2.70327,0,3,0,0,
0.401,0.596727,0,-1.85992e-006,0,0,2.70627,0,3,0,0,
0.402,0.596727,0,-1.85992e-006,0,0,2.70927,0,3,0,0,
0.403,0.596727,0,-1.85992e-006,0,0,2.71227,0,3,0,0,
0.404,0.596727,0,-1.85992e-006,0,0,2.71527,0,3,0,0,
0.405,0.596727,0,-1.85992e-006,0,0,2.71827,0,3,0,0,
0.406,0.596727,0,-1.85992e-006,0,0,2.72127,0,3,0,0,
0.407,0.596727,0,-1.85992e-006,0,0,2.72427,0,3,0,0,
0.408,0.596727,0,-1.85992e-006,0,0,2.72727,0,3,0,0,
0.409,0.596727,0,-1.85992e-006,0,0,2.73027,0,3,0,0,
0.41,0.596727,0,-1.85992e-006,0,0,2.73327,0,3,0,0,
0.411,0.596727,0,-1.85992e-006,0,0,2.73627,0,3,0,0,
0.412,0.596727,0,-1.85992e-006,0,0,2.73927,0,3,0,0,
0.413,0.596727,0,-1.85992e-006,0,0,2.74227,0,3,0,0,
0.414,0.596727,0,-1.85992e-006,0,0,2.74527,0,3,0,0,
0.415,0.596727,0,-1.85992e-006,0,0,2.74827,0,3,0,0,
0.416,0.596727,0,-1.85992e-006,0,0,2.75127,0,3,0,0,
0.417,0.596727,0,-1.85992e-006,0,0,2.75427,0,3,0,0,
0.418,0.596727,0,-1.85992e-006,0,0,2.75727,0,3,0,0,
0.419,0.596727,0,-1.85992e-006,0,0,2.76027,0,3,0,0,
0.42,0.596727,0,-1.85992e-006,0,0,2.76327,0,3,0,0,
0.421,0.596727,0,-1.85992e-006,0,0,2.76627,0,3,0,0,
0.422,0.596727,0,-1.85992e-006,0,0,2.76927,0,3,0,0,
0.423,0.596727,0,-1.85992e-006,0,0,2.77227,0,3,0,0,
0.424,0.596727,0,-1.85992e-006,0,0,2.77527,0,3,0,0,
0.425,0.596727,0,-1.85992e-006,0,0,2.77827,0,3,0,0,
0.426,0.596727,0,-1.85992e-006,0,0,2.78127,0,3,0,0,
0.427,0.596727,0,-1.85992e-006,0,0,2.78427,0,3,0,0,
0.428,0.596727,0,-1.85992e-006,0,0,2.78727,0,3,0,0,
0.429,0.596727,0,-1.85992e-006,0,0,2.79027,0,3,0,0,
0.43,0.596727,0,-1.85992e-006,0,0,2.79327,0,3,0,0,
0.431,0.596727,0,-1.85992e-006,0,0,2.79627,0,3,0,0,
0.432,0.596727,0,-1.85992e-006,0,0,2.79927,0,3,0,0,
0.433,0.596727,0,-1.85992e-006,0,0,2.80227,0,3,0,0,
0.434,0.596727,0,-1.85992e-006,0,0,2.80527,0,3,0,0,
0.435,0.596727,0,-1.85992e-006,0,0,2.80827,0,3,0,0,
0.436,0.596727,0,-1.85992e-006,0,0,2.81127,0,3,0,0,
0.437,0.596727,0,-1.85992e-006,0,0,2.81427,0,3,0,0,
0.438,0.596727,0,-1.85992e-006,0,0,2.81727,0,3,0,0,
0.439,0.596727,0,-1.85992e-006,0,0,2.82027,0,3,0,0,
0.44,0.596727,0,-1.85992e-006,0,0,2.82327,0,3,0,0,
0.441,0.596727,0,-1.85992e-006,0,0,2.82627,0,3,0,0,
0.442,0.596727,0,-1.85992e-006,0,0,2.82927,0,3,0,0,
0.443,0.596727,0,-1.85992e-006,0,0,2.83227,0,3,0,0,
0.444,0.596727,0,-1.85992e-006,0,0,2.83527,0,3,0,0,
0.445,0.596727,0,-1.85992e-006,0,0,2.83827,0,3,0,0,
0.446,0.596727,0,-1.85992e-006,0,0,2.84127,0,3,0,0,
0.447,0.596727,0,-1.85992e-006,0,0,2.84427,0,3,0,0,
0.448,0.596727,0,-1.85992e-006,0,0,2.84727,0,3,0,0,
0.449,0.596727,0,-1.85992e-006,0,0,2.85027,0,3,0,0,
0.45,0.596727,0,-1.85992e-006,0,0,2.85327,0,3,0,0,
0.451,0.596727,0,-1.85992e-006,0,0,2.85627,0,3,0,0,
0.452,0.596727,0,-1.85992e-006,0,0,2.85927,0,3,0,0,
0.453,0.596727,0,-1.85992e-006,0,0,2.86227,0,3,0,0,
0.454,0.596727,0,-1.85992e-006,0,0,2.86527,0,3,0,0,
0.455,0.596727,0,-1.85992e-006,0,0,2.86827,0,3,0,0,
0.456,0.596727,0,-1.85992e-006,0,0,2.87127,0,3,0,0,
0.457,0.596727,0,-1.85992e-006,0,0,2.87427,0,3,0,0,
0.458,0.596727,0,-1.85992e-006,0,0,2.87727,0,3,0,0,
0.459,0.596727,0,-1.85992e-006,0,0,2.88027,0,3,0,0,
0.46,0.596727,0,-1.85992e-006,0,0,2.88327,0,3,0,0,
0.461,0.596727,0,-1.85992e-006,0,0,2.88627,0,3,0,0,
0.462,0.596727,0,-1.85992e-006,0,0,2.88927,0,3,0,0,
0.463,0.596727,0,-1.85992e-006,0,0,2.89227,0,3,0,0,
0.464,0.596727,0,-1.85992e-006,0,0,2.89527,0,3,0,0,
0.465,0.596727,0,-1.85992e-006,0,0,2.89827,0,3,0,0,
0.466,0.596727,0,-1.85992e-006,0,0,2.90127,0,3,0,0,
0.467,0.596727,0,-1.85992e-006,0,0,2.90427,0,3,0,0,
0.468,0.596727,0,-1.85992e-006,0,0,2.90727,0,3,0,0,
0.469,0.596727,0,-1.85992e-006,0,0,2.91027,0,3,0,0,
0.47,0.596727,0,-1.85992e-006,0,0,2.91327,0,3,0,0,
0.471,0.596727,0,-1.85992e-006,0,0,2.91627,0,3,0,0,
0.472,0.596727,0,-1.85992e-006,0,0,2.91927,0,3,0,0,
0.473,0.596727,0,-1.85992e-006,0,0,2.92227,0,3,0,0,
0.474,0.596727,0,-1.85992e-006,0,0,2.92527,0,3,0,0,
0.475,0.596727,0,-1.85992e-006,0,0,2.92827,0,3,0,0,
0.476,0.596727,0,-1.85992e-006,0,0,2.93127,0,3,0,0,
0.477,0.596727,0,-1.85992e-006,0,0,2.93427,0,3,0,0,
0.478,0.596727,0,-1.85992e-006,0,0,2.93727,0,3,0,0,
0.479,0.596727,0,-1.85992e-006,0,0,2.94027,0,3,0,0,
0.48,0.596727,0,-1.85992e-006,0,0,2.94327,0,3,0,0,
0.481,0.596727,0,-1.85992e-006,0,0,2.94627,0,3,0,0,
0.482,0.596727,0,-1.85992e-006,0,0,2.94927,0,3,0,0,
0.483,0.596727,0,-1.85992e-006,0,0,2.95227,0,3,0,0,
0.484,0.596727,0,-1.85992e-006,0,0,2.95527,0,3,0,0,
0.485,0.596727,0,-1.85992e-006,0,0,2.95827,0,3,0,0,
0.486,0.596727,0,-1.85992e-006,0,0,2.96127,0,3,0,0,
0.487,0.596727,0,-1.85992e-006,0,0,2.96427,0,3,0,0,
0.488,0.596727,0,-1.85992e-006,0,0,2.96727,0,3,0,0,
0.489,0.596727,0,-1.85992e-006,0,0,2.97027,0,3,0,0,
0.49,0.596727,0,-1.85992e-006,0,0,2.97327,0,3,0,0,
0.491,0.596727,0,-1.85992e-006,0,0,2.97627,0,3,0,0,
0.492,0.596727,0,-1.85992e-006,0,0,2.97927,0,3,0,0,
0.493,0.596727,0,-1.85992e-006,0,0,2.98227,0,3,0,0,
0.494,0.596727,0,-1.85992e-006,0,0,2.98527,0,3,0,0,
0.495,0.596727,0,-1.85992e-006,0,0,2.98827,0,3,0,0,
0.496,0.596727,0,-1.85992e-006,0,0,2.99127,0,3,0,0,
0.497,0.596727,0,-1.85992e-006,0,0,2.99427,0,3,0,0,
0.498,0.596727,0,-1.85992e-006,0,0,2.99727,0,3,0,0,
0.499,0.596727,0,-1.85992e-006,0,0,3.00027,0,3,0,0,
0.5,0.596727,0,-1.85992e-006,0,0,3.00327,0,3,0,0,
0.501,0.596727,0,-1.85992e-006,0,0,3.00627,0,3,0,0,
0.502,0.596727,0,-1.85992e-006,0,0,3.00927,0,3,0,0,
0.503,0.596727,0,-1.85992e-006,0,0,3.01227,0,3,0,0,
0.504,0.596727,0,-1.85992e-006,0,0,3.01527,0,3,0,0,
0.505,0.596727,0,-1.85992e-006,0,0,3.01827,0,3,0,0,
0.506,0.596727,0,-1.85992e-006,0,0,3.02127,0,3,0,0,
0.507,0.596727,0,-1.85992e-006,0,0,3.02427,0,3,0,0,
0.508,0.596727,0,-1.85992e-006,0,0,3.02727,0,3,0,0,
0.509,0.596727,0,-1.85992e-006,0,0,3.03027,0,3,0,0,
0.51,0.596727,0,-1.85992e-006,0,0,3.03327,0,3,0,0,
0.511,0.596727,0,-1.85992e-006,0,0,3.03627,0,3,0,0,
0.512,0.596727,0,-1.85992e-006,0,0,3.03927,0,3,0,0,
0.513,0.596727,0,-1.85992e-006,0,0,3.04227,0,3,0,0,
0.514,0.596727,0,-1.85992e-006,0,0,3.04527,0,3,0,0,
0.515,0.596727,0,-1.85992e-006,0,0,3.04827,0,3,0,0,
0.516,0.596727,0,-1.85992e-006,0,0,3.05127,0,3,0,0,
0.517,0.596727,0,-1.85992e-006,0,0,3.05427,0,3,0,0,
0.518,0.596727,0,-1.85992e-006,0,0,3.05727,0,3,0,0,
0.519,0.596727,0,-1.85992e-006,0,0,3.06027,0,3,0,0,
0.52,0.596727,0,-1.85992e-006,0,0,3.06327,0,3,0,0,
0.521,0.596727,0,-1.85992e-006,0,0,3.06627,0,3,0,0,
0.522,0.596727,0,-1.85992e-006,0,0,3.06927,0,3,0,0,
0.523,0.596727,0,-1.85992e-006,0,0,3.07227,0,3,0,0,
0.524,0.596727,0,-1.85992e-006,0,0,3.07527,0,3,0,0,
0.525,0.596727,0,-1.85992e-006,0,0,3.07827,0,3,0,0,
0.526,0.596727,0,-1.85992e-006,0,0,3.08127,0,3,0,0,
0.527,0.596727,0,-1.85992e-006,0,0,3.08427,0,3,0,0,
0.528,0.596727,0,-1.85992e-006,0,0,3.08727,0,3,0,0,
0.529,0.596727,0,-1.85992e-006,0,0,3.09027,0,3,0,0,
0.53,0.596727,0,-1.85992e-006,0,0,3.09327,0,3,0,0,
0.531,0.596727,0,-1.85992e-006,0,0,3.09627,0,3,0,0,
0.532,0.596727,0,-1.85992e-006,0,0,3.09927,0,3,0,0,
0.533,0.596727,0,-1.85992e-006,0,0,3.10227,0,3,0,0,
0.534,0.596727,0,-1.85992e-006,0,0,3.10527,0,3,0,0,
0.535,0.596727,0,-1.85992e-006,0,0,3.10827,0,3,0,0,
0.536,0.596727,0,-1.85992e-006,0,0,3.11127,0,3,0,0,
0.537,0.596727,0,-1.85992e-006,0,0,3.11427,0,3,0,0,
0.538,0.596727,0,-1.85992e-006,0,0,3.11727,0,3,0,0,
0.539,0.596727,0,-1.85992e-006,0,0,3.12027,0,3,0,0,
0.54,0.596727,0,-1.85992e-006,0,0,3.12327,0,3,0,0,
0.541,0.596727,0,-1.85992e-006,0,0,3.12627,0,3,0,0,
0.542,0.596727,0,-1.85992e-006,0,0,3.12927,0,3,0,0,
0.543,0.596727,0,-1.85992e-006,0,0,3.13227,0,3,0,0,
0.544,0.596727,0,-1.85992e-006,0,0,3.13527,0,3,0,0,
0.545,0.596727,0,-1.85992e-006,0,0,3.13827,0,3,0,0,
0.546,0.596727,0,-1.85992e-006,0,0,3.14127,0,3,0,0,
0.547,0.596727,0,-1.85992e-006,0,0,3.14427,0,3,0,0,
0.548,0.596727,0,-1.85992e-006,0,0,3.14727,0,3,0,0,
0.549,0.596727,0,-1.85992e-006,0,0,3.15027,0,3,0,0,
0.55,0.596727,0,-1.85992e-006,0,0,3.15327,0,3,0,0,
0.551,0.596727,0,-1.85992e-006,0,0,3.15627,0,3,0,0,
0.552,0.596727,0,-1.85992e-006,0,0,3.15927,0,3,0,0,
0.553,0.596727,0,-1.85992e-006,0,0,3.16227,0,3,0,0,
0.554,0.596727,0,-1.85992e-006,0,0,3.16527,0,3,0,0,
0.555,0.596727,0,-1.85992e-006,0,0,3.16827,0,3,0,0,
0.556,0.596727,0,-1.85992e-006,0,0,3.17127,0,3,0,0,
0.557,0.596727,0,-1.85992e-006,0,0,3.17427,0,3,0,0,
0.558,0.596727,0,-1.85992e-006,0,0,3.17727,0,3,0,0,
0.559,0.596727,0,-1.85992e-006,0,0,3.18027,0,3,0,0,
0.56,0.596727,0,-1.85992e-006,0,0,3.18327,0,3,0,0,
0.561,0.596727,0,-1.85992e-006,0,0,3.18627,0,3,0,0,
0.562,0.596727,0,-1.85992e-006,0,0,3.18927,0,3,0,0,
0.563,0.596727,0,-1.85992e-006,0,0,3.19227,0,3,0,0,
0.564,0.596727,0,-1.85992e-006,0,0,3.19527,0,3,0,0,
0.565,0.596727,0,-1.85992e-006,0,0,3.19827,0,3,0,0,
0.566,0.596727,0,-1.85992e-006,0,0,3.20127,0,3,0,0,
0.567,0.596727,0,-1.85992e-006,0,0,3.20427,0,3,0,0,
0.568,0.596727,0,-1.85992e-006,0,0,3.20727,0,3,0,0,
0.569,0.596727,0,-1.85992e-006,0,0,3.21027,0,3,0,0,
0.57,0.596727,0,-1.85992e-006,0,0,3.21327,0,3,0,0,
0.571,0.596727,0,-1.85992e-006,0,0,3.21627,0,3,0,0,
0.572,0.596727,0,-1.85992e-006,0,0,3.21927,0,3,0,0,
0.573,0.596727,0,-1.85992e-006,0,0,3.22227,0,3,0,0,
0.574,0.596727,0,-1.85992e-006,0,0,3.22527,0,3,0,0,
0.575,0.596727,0,-1.85992e-006,0,0,3.22827,0,3,0,0,
0.576,0.596727,0,-1.85992e-006,0,0,3.23127,0,3,0,0,
0.577,0.596727,0,-1.85992e-006,0,0,3.23427,0,3,0,0,
0.578,0.596727,0,-1.85992e-006,0,0,3.23727,0,3,0,0,
0.579,0.596727,0,-1.85992e-006,0,0,3.24027,0,3,0,0,
0.58,0.596727,0,-1.85992e-006,0,0,3.24327,0,3,0,0,
0.581,0.596727,0,-1.85992e-006,0,0,3.24627,0,3,0,0,
0.582,0.596727,0,-1.85992e-006,0,0,3.24927,0,3,0,0,
0.583,0.596727,0,-1.85992e-006,0,0,3.25227,0,3,0,0,
0.584,0.596727,0,-1.85992e-006,0,0,3.25527,0,3,0,0,
0.585,0.596727,0,-1.85992e-006,0,0,3.25827,0,3,0,0,
0.586,0.596727,0,-1.85992e-006,0,0,3.26127,0,3,0,0,
0.587,0.596727,0,-1.85992e-006,0,0,3.26427,0,3,0,0,
0.588,0.596727,0,-1.85992e-006,0,0,3.26727,0,3,0,0,
0.589,0.596727,0,-1.85992e-006,0,0,3.27027,0,3,0,0,
0.59,0.596727,0,-1.85992e-006,0,0,3.27327,0,3,0,0,
0.591,0.596727,0,-1.85992e-006,0,0,3.27627,0,3,0,0,
0.592,0.596727,0,-1.85992e-006,0,0,3.27927,0,3,0,0,
0.593,0.596727,0,-1.85992e-006,0,0,3.28227,0,3,0,0,
0.594,0.596727,0,-1.85992e-006,0,0,3.28527,0,3,0,0,
0.595,0.596727,0,-1.85992e-006,0,0,3.28827,0,3,0,0,
0.596,0.596727,0,-1.85992e-006,0,0,3.29127,0,3,0,0,
0.597,0.596727,0,-1.85992e-006,0,0,3.29427,0,3,0,0,
0.598,0.596727,0,-1.85992e-006,0,0,3.29727,0,3,0,0,
0.599,0.596727,0,-1.85992e-006,0,0,3.30027,0,3,0,0,
0.6,0.596727,0,-1.85992e-006,0,0,3.30327,0,3,0,0,
0.601,0.596727,0,-1.85992e-006,0,0,3.30627,0,3,0,0,
0.602,0.596727,0,-1.85992e-006,0,0,3.30927,0,3,0,0,
0.603,0.596727,0,-1.85992e-006,0,0,3.31227,0,3,0,0,
0.604,0.596727,0,-1.85992e-006,0,0,3.31527,0,3,0,0,
0.605,0.596727,0,-1.85992e-006,0,0,3.31827,0,3,0,0,
0.606,0.596727,0,-1.85992e-006,0,0,3.32127,0,3,0,0,
0.607,0.596727,0,-1.85992e-006,0,0,3.32427,0,3,0,0,
0.608,0.596727,0,-1.85992e-006,0,0,3.32727,0,3,0,0,
0.609,0.596727,0,-1.85992e-006,0,0,3.33027,0,3,0,0,
0.61,0.596727,0,-1.85992e-006,0,0,3.33327,0,3,0,0,
0.611,0.596727,0,-1.85992e-006,0,0,3.33627,0,3,0,0,
0.612,0.596727,0,-1.85992e-006,0,0,3.33927,0,3,0,0,
0.613,0.596727,0,-1.85992e-006,0,0,3.34227,0,3,0,0,
0.614,0.596727,0,-1.85992e-006,0,0,3.34527,0,3,0,0,
0.615,0.596727,0,-1.85992e-006,0,0,3.34827,0,3,0,0,
0.616,0.596727,0,-1.85992e-006,0,0,3.35127,0,3,0,0,
0.617,0.596727,0,-1.85992e-006,0,0,3.35427,0,3,0,0,
0.618,0.596727,0,-1.85992e-006,0,0,3.35727,0,3,0,0,
0.619,0.596727,0,-1.85992e-006,0,0,3.36027,0,3,0,0,
0.62,0.596727,0,-1.85992e-006,0,0,3.36327,0,3,0,0,
0.621,0.596727,0,-1.85992e-006,0,0,3.36627,0,3,0,0,
0.622,0.596727,0,-1.85992e-006,0,0,3.36927,0,3,0,0,
0.623,0.596727,0,-1.85992e-006,0,0,3.37227,0,3,0,0,
0.624,0.596727,0,-1.85992e-006,0,0,3.37527,0,3,0,0,
0.625,0.596727,0,-1.85992e-006,0,0,3.37827,0,3,0,0,
0.626,0.596727,0,-1.85992e-006,0,0,3.38127,0,3,0,0,
0.627,0.596727,0,-1.85992e-006,0,0,3.38427,0,3,0,0,
0.628,0.596727,0,-1.85992e-006,0,0,3.38727,0,3,0,0,
0.629,0.596727,0,-1.85992e-006,0,0,3.39027,0,3,0,0,
0.63,0.596727,0,-1.85992e-006,0,0,3.39327,0,3,0,0,
0.631,0.596727,0,-1.85992e-006,0,0,3.39627,0,3,0,0,
0.632,0.596727,0,-1.85992e-006,0,0,3.39927,0,3,0,0,
0.633,0.596727,0,-1.85992e-006,0,0,3.40227,0,3,0,0,
0.634,0.596727,0,-1.85992e-006,0,0,3.40527,0,3,0,0,
0.635,0.596727,0,-1.85992e-006,0,0,3.40827,0,3,0,0,
0.636,0.596727,0,-1.85992e-006,0,0,3.41127,0,3,0,0,
0.637,0.596727,0,-1.85992e-006,0,0,3.41427,0,3,0,0,
0.638,0.596727,0,-1.85992e-006,0,0,3.41727,0,3,0,0,
0.639,0.596727,0,-1.85992e-006,0,0,3.42027,0,3,0,0,
0.64,0.596727,0,-1.85992e-006,0,0,3.42327,0,3,0,0,
0.641,0.596727,0,-1.85992e-006,0,0,3.42627,0,3,0,0,
0.642,0.596727,0,-1.85992e-006,0,0,3.42927,0,3,0,0,
0.643,0.596727,0,-1.85992e-006,0,0,3.43227,0,3,0,0,
0.644,0.596727,0,-1.85992e-006,0,0,3.43527,0,3,0,0,
0.645,0.596727,0,-1.85992e-006,0,0,3.43827,0,3,0,0,
0.646,0.596727,0,-1.85992e-006,0,0,3.44127,0,3,0,0,
0.647,0.596727,0,-1.85992e-006,0,0,3.44427,0,3,0,0,
0.648,0.596727,0,-1.85992e-006,0,0,3.44727,0,3,0,0,
0.649,0.596727,0,-1.85992e-006,0,0,3.45027,0,3,0,0,
0.65,0.596727,0,-1.85992e-006,0,0,3.45327,0,3,0,0,
0.651,0.596727,0,-1.85992e-006,0,0,3.45627,0,3,0,0,
0.652,0.596727,0,-1.85992e-006,0,0,3.45927,0,3,0,0,
0.653,0.596727,0,-1.85992e-006,0,0,3.46227,0,3,0,0,
0.654,0.596727,0,-1.85992e-006,0,0,3.46527,0,3,0,0,
0.655,0.596727,0,-1.85992e-006,0,0,3.46827,0,3,0,0,
0.656,0.596727,0,-1.85992e-006,0,0,3.47127,0,3,0,0,
0.657,0.596727,0,-1.85992e-006,0,0,3.47427,0,3,0,0,
0.658,0.596727,0,-1.85992e-006,0,0,3.47727,0,3,0,0,
0.659,0.596727,0,-1.85992e-006,0,0,3.48027,0,3,0,0,
0.66,0.596727,0,-1.85992e-006,0,0,3.48327,0,3,0,0,
0.661,0.596727,0,-1.85992e-006,0,0,3.48627,0,3,0,0,
0.662,0.596727,0,-1.85992e-006,0,0,3.48927,0,3,0,0,
0.663,0.596727,0,-1.85992e-006,0,0,3.49227,0,3,0,0,
0.664,0.596727,0,-1.85992e-006,0,0,3.49527,0,3,0,0,
0.665,0.596727,0,-1.85992e-006,0,0,3.49827,0,3,0,0,
0.666,0.596727,0,-1.85992e-006,0,0,3.50127,0,3,0,0,
0.667,0.596727,0,-1.85992e-006,0,0,3.50427,0,3,0,0,
0.668,0.596727,0,-1.85992e-006,0,0,3.50727,0,3,0,0,
0.669,0.596727,0,-1.85992e-006,0,0,3.51027,0,3,0,0,
0.67,0.596727,0,-1.85992e-006,0,0,3.51327,0,3,0,0,
0.671,0.596727,0,-1.85992e-006,0,0,3.51627,0,3,0,0,
0.672,0.596727,0,-1.85992e-006,0,0,3.51927,0,3,0,0,
0.673,0.596727,0,-1.85992e-006,0,0,3.52227,0,3,0,0,
0.674,0.596727,0,-1.85992e-006,0,0,3.52527,0,3,0,0,
0.675,0.596727,0,-1.85992e-006,0,0,3.52827,0,3,0,0,
0.676,0.596727,0,-1.85992e-006,0,0,3.53127,0,3,0,0,
0.677,0.596727,0,-1.85992e-006,0,0,3.53427,0,3,0,0,
0.678,0.596727,0,-1.85992e-006,0,0,3.53727,0,3,0,0,
0.679,0.596727,0,-1.85992e-006,0,0,3.54027,0,3,0,0,
0.68,0.596727,0,-1.85992e-006,0,0,3.54327,0,3,0,0,
0.681,0.596727,0,-1.85992e-006,0,0,3.54627,0,3,0,0,
0.682,0.596727,0,-1.85992e-006,0,0,3.54927,0,3,0,0,
0.683,0.596727,0,-1.85992e-006,0,0,3.55227,0,3,0,0,
0.684,0.596727,0,-1.85992e-006,0,0,3.55527,0,3,0,0,
0.685,0.596727,0,-1.85992e-006,0,0,3.55827,0,3,0,0,
0.686,0.596727,0,-1.85992e-006,0,0,3.56127,0,3,0,0,
0.687,0.596727,0,-1.85992e-006,0,0,3.56427,0,3,0,0,
0.688,0.596727,0,-1.85992e-006,0,0,3.56727,0,3,0,0,
0.689,0.596727,0,-1.85992e-006,0,0,3.57027,0,3,0,0,
0.69,0.596727,0,-1.85992e-006,0,0,3.57327,0,3,0,0,
0.691,0.596727,0,-1.85992e-006,0,0,3.57627,0,3,0,0,
0.692,0.596727,0,-1.85992e-006,0,0,3.57927,0,3,0,0,
0.693,0.596727,0,-1.85992e-006,0,0,3.58227,0,3,0,0,
0.694,0.596727,0,-1.85992e-006,0,0,3.58527,0,3,0,0,
0.695,0.596727,0,-1.85992e-006,0,0,3.58827,0,3,0,0,
0.696,0.596727,0,-1.85992e-006,0,0,3.59127,0,3,0,0,
0.697,0.596727,0,-1.85992e-006,0,0,3.59427,0,3,0,0,
0.698,0.596727,0,-1.85992e-006,0,0,3.59727,0,3,0,0,
0.699,0.596727,0,-1.85992e-006,0,0,3.60027,0,3,0,0,
0.7,0.596727,0,-1.85992e-006,0,0,3.60327,0,3,0,0,
0.701,0.596727,0,-1.85992e-006,0,0,3.60627,0,3,0,0,
0.702,0.596727,0,-1.85992e-006,0,0,3.60927,0,3,0,0,
0.703,0.596727,0,-1.85992e-006,0,0,3.61227,0,3,0,0,
0.704,0.596727,0,-1.85992e-006,0,0,3.61527,0,3,0,0,
0.705,0.596727,0,-1.85992e-006,0,0,3.61827,0,3,0,0,
0.706,0.596727,0,-1.85992e-006,0,0,3.62127,0,3,0,0,
0.707,0.596727,0,-1.85992e-006,0,0,3.62427,0,3,0,0,
0.708,0.596727,0,-1.85992e-006,0,0,3.62727,0,3,0,0,
0.709,0.596727,0,-1.85992e-006,0,0,3.63027,0,3,0,0,
0.71,0.596727,0,-1.85992e-006,0,0,3.63327,0,3,0,0,
0.711,0.596727,0,-1.85992e-006,0,0,3.63627,0,3,0,0,
0.712,0.596727,0,-1.85992e-006,0,0,3.63927,0,3,0,0,
0.713,0.596727,0,-1.85992e-006,0,0,3.64227,0,3,0,0,
0.714,0.596727,0,-1.85992e-006,0,0,3.64527,0,3,0,0,
0.715,0.596727,0,-1.85992e-006,0,0,3.64827,0,3,0,0,
0.716,0.596727,0,-1.85992e-006,0,0,3.65127,0,3,0,0,
0.717,0.596727,0,-1.85992e-006,0,0,3.65427,0,3,0,0,
0.718,0.596727,0,-1.85992e-006,0,0,3.65727,0,3,0,0,
0.719,0.596727,0,-1.85992e-006,0,0,3.66027,0,3,0,0,
0.72,0.596727,0,-1.85992e-006,0,0,3.66327,0,3,0,0,
0.721,0.596727,0,-1.85992e-006,0,0,3.66627,0,3,0,0,
0.722,0.596727,0,-1.85992e-006,0,0,3.66927,0,3,0,0,
0.723,0.596727,0,-1.85992e-006,0,0,3.67227,0,3,0,0,
0.724,0.596727,0,-1.85992e-006,0,0,3.67527,0,3,0,0,
0.725,0.596727,0,-1.85992e-006,0,0,3.67827,0,3,0,0,
0.726,0.596727,0,-1.85992e-006,0,0,3.68127,0,3,0,0,
0.727,0.596727,0,-1.85992e-006,0,0,3.68427,0,3,0,0,
0.728,0.596727,0,-1.85992e-006,0,0,3.68727,0,3,0,0,
0.729,0.596727,0,-1.85992e-006,0,0,3.69027,0,3,0,0,
0.73,0.596727,0,-1.85992e-006,0,0,3.69327,0,3,0,0,
0.731,0.596727,0,-1.85992e-006,0,0,3.69627,0,3,0,0,
0.732,0.596727,0,-1.85992e-006,0,0,3.69927,0,3,0,0,
0.733,0.596727,0,-1.85992e-006,0,0,3.70227,0,3,0,0,
0.734,0.596727,0,-1.85992e-006,0,0,3.70527,0,3,0,0,
0.735,0.596727,0,-1.85992e-006,0,0,3.70827,0,3,0,0,
0.736,0.596727,0,-1.85992e-006,0,0,3.71127,0,3,0,0,
0.737,0.596727,0,-1.85992e-006,0,0,3.71427,0,3,0,0,
0.738,0.596727,0,-1.85992e-006,0,0,3.71727,0,3,0,0,
0.739,0.596727,0,-1.85992e-006,0,0,3.72027,0,3,0,0,
0.74,0.596727,0,-1.85992e-006,0,0,3.72327,0,3,0,0,
0.741,0.596727,0,-1.85992e-006,0,0,3.72627,0,3,0,0,
0.742,0.596727,0,-1.85992e-006,0,0,3.72927,0,3,0,0,
0.743,0.596727,0,-1.85992e-006,0,0,3.73227,0,3,0,0,
0.744,0.596727,0,-1.85992e-006,0,0,3.73527,0,3,0,0,
0.745,0.596727,0,-1.85992e-006,0,0,3.73827,0,3,0,0,
0.746,0.596727,0,-1.85992e-006,0,0,3.74127,0,3,0,0,
0.747,0.596727,0,-1.85992e-006,0,0,3.74427,0,3,0,0,
0.748,0.596727,0,-1.85992e-006,0,0,3.74727,0,3,0,0,
0.749,0.596727,0,-1.85992e-006,0,0,3.75027,0,3,0,0,
0.75,0.596727,0,-1.85992e-006,0,0,3.75327,0,3,0,0,
0.751,0.596727,0,-1.85992e-006,0,0,3.75627,0,3,0,0,
0.752,0.596727,0,-1.85992e-006,0,0,3.75927,0,3,0,0,
0.753,0.596727,0,-1.85992e-006,0,0,3.76227,0,3,0,0,
0.754,0.596727,0,-1.85992e-006,0,0,3.76527,0,3,0,0,
0.755,0.596727,0,-1.85992e-006,0,0,3.76827,0,3,0,0,
0.756,0.596727,0,-1.85992e-006,0,0,3.77127,0,3,0,0,
0.757,0.596727,0,-1.85992e-006,0,0,3.77427,0,3,0,0,
0.758,0.596727,0,-1.85992e-006,0,0,3.77727,0,3,0,0,
0.759,0.596727,0,-1.85992e-006,0,0,3.78027,0,3,0,0,
0.76,0.596727,0,-1.85992e-006,0,0,3.78327,0,3,0,0,
0.761,0.596727,0,-1.85992e-006,0,0,3.78627,0,3,0,0,
0.762,0.596727,0,-1.85992e-006,0,0,3.78927,0,3,0,0,
0.763,0.596727,0,-1.85992e-006,0,0,3.79227,0,3,0,0,
0.764,0.596727,0,-1.85992e-006,0,0,3.79527,0,3,0,0,
0.765,0.596727,0,-1.85992e-006,0,0,3.79827,0,3,0,0,
0.766,0.596727,0,-1.85992e-006,0,0,3.80127,0,3,0,0,
0.767,0.596727,0,-1.85992e-006,0,0,3.80427,0,3,0,0,
0.768,0.596727,0,-1.85992e-006,0,0,3.80727,0,3,0,0,
0.769,0.596727,0,-1.85992e-006,0,0,3.81027,0,3,0,0,
0.77,0.596727,0,-1.85992e-006,0,0,3.81327,0,3,0,0,
0.771,0.596727,0,-1.85992e-006,0,0,3.81627,0,3,0,0,
0.772,0.596727,0,-1.85992e-006,0,0,3.81927,0,3,0,0,
0.773,0.596727,0,-1.85992e-006,0,0,3.82227,0,3,0,0,
0.774,0.596727,0,-1.85992e-006,0,0,3.82527,0,3,0,0,
0.775,0.596727,0,-1.85992e-006,0,0,3.82827,0,3,0,0,
0.776,0.596727,0,-1.85992e-006,0,0,3.83127,0,3,0,0,
0.777,0.596727,0,-1.85992e-006,0,0,3.83427,0,3,0,0,
0.778,0.596727,0,-1.85992e-006,0,0,3.83727,0,3,0,0,
0.779,0.596727,0,-1.85992e-006,0,0,3.84027,0,3,0,0,
0.78,0.596727,0,-1.85992e-006,0,0,3.84327,0,3,0,0,
0.781,0.596727,0,-1.85992e-006,0,0,3.84627,0,3,0,0,
0.782,0.596727,0,-1.85992e-006,0,0,3.84927,0,3,0,0,
0.783,0.596727,0,-1.85992e-006,0,0,3.85227,0,3,0,0,
0.784,0.596727,0,-1.85992e-006,0,0,3.85527,0,3,0,0,
0.785,0.596727,0,-1.85992e-006,0,0,3.85827,0,3,0,0,
0.786,0.596727,0,-1.85992e-006,0,0,3.86127,0,3,0,0,
0.787,0.596727,0,-1.85992e-006,0,0,3.86427,0,3,0,0,
0.788,0.596727,0,-1.85992e-006,0,0,3.86727,0,3,0,0,
0.789,0.596727,0,-1.85992e-006,0,0,3.87027,0,3,0,0,
0.79,0.596727,0,-1.85992e-006,0,0,3.87327,0,3,0,0,
0.791,0.596727,0,-1.85992e-006,0,0,3.87627,0,3,0,0,
0.792,0.596727,0,-1.85992e-006,0,0,3.87927,0,3,0,0,
0.793,0.596727,0,-1.85992e-006,0,0,3.88227,0,3,0,0,
0.794,0.596727,0,-1.85992e-006,0,0,3.88527,0,3,0,0,
0.795,0.596727,0,-1.85992e-006,0,0,3.88827,0,3,0,0,
0.796,0.596727,0,-1.85992e-006,0,0,3.89127,0,3,0,0,
0.797,0.596727,0,-1.85992e-006,0,0,3.89427,0,3,0,0,
0.798,0.596727,0,-1.85992e-006,0,0,3.89727,0,3,0,0,
0.799,0.596727,0,-1.85992e-006,0,0,3.90027,0,3,0,0,
0.8,0.596727,0,-1.85992e-006,0,0,3.90327,0,3,0,0,
0.801,0.596727,0,-1.85992e-006,0,0,3.90627,0,3,0,0,
0.802,0.596727,0,-1.85992e-006,0,0,3.90927,0,3,0,0,
0.803,0.596727,0,-1.85992e-006,0,0,3.91227,0,3,0,0,
0.804,0.596727,0,-1.85992e-006,0,0,3.91527,0,3,0,0,
0.805,0.596727,0,-1.85992e-006,0,0,3.91827,0,3,0,0,
0.806,0.596727,0,-1.85992e-006,0,0,3.92127,0,3,0,0,
0.807,0.596727,0,-1.85992e-006,0,0,3.92427,0,3,0,0,
0.808,0.596727,0,-1.85992e-006,0,0,3.92727,0,3,0,0,
0.809,0.596727,0,-1.85992e-006,0,0,3.93027,0,3,0,0,
0.81,0.596727,0,-1.85992e-006,0,0,3.93327,0,3,0,0,
0.811,0.596727,0,-1.85992e-006,0,0,3.93627,0,3,0,0,
0.812,0.596727,0,-1.85992e-006,0,0,3.93927,0,3,0,0,
0.813,0.596727,0,-1.85992e-006,0,0,3.94227,0,3,0,0,
0.814,0.596727,0,-1.85992e-006,0,0,3.94527,0,3,0,0,
0.815,0.596727,0,-1.85992e-006,0,0,3.94827,0,3,0,0,
0.816,0.596727,0,-1.85992e-006,0,0,3.95127,0,3,0,0,
0.817,0.596727,0,-1.85992e-006,0,0,3.95427,0,3,0,0,
0.818,0.596727,0,-1.85992e-006,0,0,3.95727,0,3,0,0,
0.819,0.596727,0,-1.85992e-006,0,0,3.96027,0,3,0,0,
0.82,0.596727,0,-1.85992e-006,0,0,3.96327,0,3,0,0,
0.821,0.596727,0,-1.85992e-006,0,0,3.96627,0,3,0,0,
0.822,0.596727,0,-1.85992e-006,0,0,3.96927,0,3,0,0,
0.823,0.596727,0,-1.85992e-006,0,0,3.97227,0,3,0,0,
0.824,0.596727,0,-1.85992e-006,0,0,3.97527,0,3,0,0,
0.825,0.596727,0,-1.85992e-006,0,0,3.97827,0,3,0,0,
0.826,0.596727,0,-1.85992e-006,0,0,3.98127,0,3,0,0,
0.827,0.596727,0,-1.85992e-006,0,0,3.98427,0,3,0,0,
0.828,0.596727,0,-1.85992e-006,0,0,3.98727,0,3,0,0,
0.829,0.596727,0,-1.85992e-006,0,0,3.99027,0,3,0,0,
0.83,0.596727,0,-1.85992e-006,0,0,3.99327,0,3,0,0,
0.831,0.596727,0,-1.85992e-006,0,0,3.99627,0,3,0,0,
0.832,0.596727,0,-1.85992e-006,0,0,3.99927,0,3,0,0,
0.833,0.596727,0,-1.85992e-006,0,0,4.00227,0,3,0,0,
0.834,0.596727,0,-1.85992e-006,0,0,4.00527,0,3,0,0,
0.835,0.596727,0,-1.85992e-006,0,0,4.00827,0,3,0,0,
0.836,0.596727,0,-1.85992e-006,0,0,4.01127,0,3,0,0,
0.837,0.596727,0,-1.85992e-006,0,0,4.01427,0,3,0,0,
0.838,0.596727,0,-1.85992e-006,0,0,4.01727,0,3,0,0,
0.839,0.596727,0,-1.85992e-006,0,0,4.02027,0,3,0,0,
0.84,0.596727,0,-1.85992e-006,0,0,4.02327,0,3,0,0,
0.841,0.596727,0,-1.85992e-006,0,0,4.02627,0,3,0,0,
0.842,0.596727,0,-1.85992e-006,0,0,4.02927,0,3,0,0,
0.843,0.596727,0,-1.85992e-006,0,0,4.03227,0,3,0,0,
0.844,0.596727,0,-1.85992e-006,0,0,4.03527,0,3,0,0,
0.845,0.596727,0,-1.85992e-006,0,0,4.03827,0,3,0,0,
0.846,0.596727,0,-1.85992e-006,0,0,4.04127,0,3,0,0,
0.847,0.596727,0,-1.85992e-006,0,0,4.04427,0,3,0,0,
0.848,0.596727,0,-1.85992e-006,0,0,4.04727,0,3,0,0,
0.849,0.596727,0,-1.85992e-006,0,0,4.05027,0,3,0,0,
0.85,0.596727,0,-1.85992e-006,0,0,4.05327,0,3,0,0,
0.851,0.596727,0,-1.85992e-006,0,0,4.05627,0,3,0,0,
0.852,0.596727,0,-1.85992e-006,0,0,4.05927,0,3,0,0,
0.853,0.596727,0,-1.85992e-006,0,0,4.06227,0,3,0,0,
0.854,0.596727,0,-1.85992e-006,0,0,4.06527,0,3,0,0,
0.855,0.596727,0,-1.85992e-006,0,0,4.06827,0,3,0,0,
0.856,0.596727,0,-1.85992e-006,0,0,4.07127,0,3,0,0,
0.857,0.596727,0,-1.85992e-006,0,0,4.07427,0,3,0,0,
0.858,0.596727,0,-1.85992e-006,0,0,4.07727,0,3,0,0,
0.859,0.596727,0,-1.85992e-006,0,0,4.08027,0,3,0,0,
0.86,0.596727,0,-1.85992e-006,0,0,4.08327,0,3,0,0,
0.861,0.596727,0,-1.85992e-006,0,0,4.08627,0,3,0,0,
0.862,0.596727,0,-1.85992e-006,0,0,4.08927,0,3,0,0,
0.863,0.596727,0,-1.85992e-006,0,0,4.09227,0,3,0,0,
0.864,0.596727,0,-1.85992e-006,0,0,4.09527,0,3,0,0,
0.865,0.596727,0,-1.85992e-006,0,0,4.09827,0,3,0,0,
0.866,0.596727,0,-1.85992e-006,0,0,4.10127,0,3,0,0,
0.867,0.596727,0,-1.85992e-006,0,0,4.10427,0,3,0,0,
0.868,0.596727,0,-1.85992e-006,0,0,4.10727,0,3,0,0,
0.869,0.596727,0,-1.85992e-006,0,0,4.11027,0,3,0,0,
0.87,0.596727,0,-1.85992e-006,0,0,4.11327,0,3,0,0,
0.871,0.596727,0,-1.85992e-006,0,0,4.11627,0,3,0,0,
0.872,0.596727,0,-1.85992e-006,0,0,4.11927,0,3,0,0,
0.873,0.596727,0,-1.85992e-006,0,0,4.12227,0,3,0,0,
0.874,0.596727,0,-1.85992e-006,0,0,4.12527,0,3,0,0,
0.875,0.596727,0,-1.85992e-006,0,0,4.12827,0,3,0,0,
0.876,0.596727,0,-1.85992e-006,0,0,4.13127,0,3,0,0,
0.877,0.596727,0,-1.85992e-006,0,0,4.13427,0,3,0,0,
0.878,0.596727,0,-1.85992e-006,0,0,4.13727,0,3,0,0,
0.879,0.596727,0,-1.85992e-006,0,0,4.14027,0,3,0,0,
0.88,0.596727,0,-1.85992e-006,0,0,4.14327,0,3,0,0,
0.881,0.596727,0,-1.85992e-006,0,0,4.14627,0,3,0,0,
0.882,0.596727,0,-1.85992e-006,0,0,4.14927,0,3,0,0,
0.883,0.596727,0,-1.85992e-006,0,0,4.15227,0,3,0,0,
0.884,0.596727,0,-1.85992e-006,0,0,4.15527,0,3,0,0,
0.885,0.596727,0,-1.85992e-006,0,0,4.15827,0,3,0,0,
0.886,0.596727,0,-1.85992e-006,0,0,4.16127,0,3,0,0,
0.887,0.596727,0,-1.85992e-006,0,0,4.16427,0,3,0,0,
0.888,0.596727,0,-1.85992e-006,0,0,4.16727,0,3,0,0,
0.889,0.596727,0,-1.85992e-006,0,0,4.17027,0,3,0,0,
0.89,0.596727,0,-1.85992e-006,0,0,4.17327,0,3,0,0,
0.891,0.596727,0,-1.85992e-006,0,0,4.17627,0,3,0,0,
0.892,0.596727,0,-1.85992e-006,0,0,4.17927,0,3,0,0,
0.893,0.596727,0,-1.85992e-006,0,0,4.18227,0,3,0,0,
0.894,0.596727,0,-1.85992e-006,0,0,4.18527,0,3,0,0,
0.895,0.596727,0,-1.85992e-006,0,0,4.18827,0,3,0,0,
0.896,0.596727,0,-1.85992e-006,0,0,4.19127,0,3,0,0,
0.897,0.596727,0,-1.85992e-006,0,0,4.19427,0,3,0,0,
0.898,0.596727,0,-1.85992e-006,0,0,4.19727,0,3,0,0,
0.899,0.596727,0,-1.85992e-006,0,0,4.20027,0,3,0,0,
0.9,0.596727,0,-1.85992e-006,0,0,4.20327,0,3,0,0,
0.901,0.596727,0,-1.85992e-006,0,0,4.20627,0,3,0,0,
0.902,0.596727,0,-1.85992e-006,0,0,4.20927,0,3,0,0,
0.903,0.596727,0,-1.85992e-006,0,0,4.21227,0,3,0,0,
0.904,0.596727,0,-1.85992e-006,0,0,4.21527,0,3,0,0,
0.905,0.596727,0,-1.85992e-006,0,0,4.21827,0,3,0,0,
0.906,0.596727,0,-1.85992e-006,0,0,4.22127,0,3,0,0,
0.907,0.596727,0,-1.85992e-006,0,0,4.22427,0,3,0,0,
0.908,0.596727,0,-1.85992e-006,0,0,4.22727,0,3,0,0,
0.909,0.596727,0,-1.85992e-006,0,0,4.23027,0,3,0,0,
0.91,0.596727,0,-1.85992e-006,0,0,4.23327,0,3,0,0,
0.911,0.596727,0,-1.85992e-006,0,0,4.23627,0,3,0,0,
0.912,0.596727,0,-1.85992e-006,0,0,4.23927,0,3,0,0,
0.913,0.596727,0,-1.85992e-006,0,0,4.24227,0,3,0,0,
0.914,0.596727,0,-1.85992e-006,0,0,4.24527,0,3,0,0,
0.915,0.596727,0,-1.85992e-006,0,0,4.24827,0,3,0,0,
0.916,0.596727,0,-1.85992e-006,0,0,4.25127,0,3,0,0,
0.917,0.596727,0,-1.85992e-006,0,0,4.25427,0,3,0,0,
0.918,0.596727,0,-1.85992e-006,0,0,4.25727,0,3,0,0,
0.919,0.596727,0,-1.85992e-006,0,0,4.26027,0,3,0,0,
0.92,0.596727,0,-1.85992e-006,0,0,4.26327,0,3,0,0,
0.921,0.596727,0,-1.85992e-006,0,0,4.26627,0,3,0,0,
0.922,0.596727,0,-1.85992e-006,0,0,4.26927,0,3,0,0,
0.923,0.596727,0,-1.85992e-006,0,0,4.27227,0,3,0,0,
0.924,0.596727,0,-1.85992e-006,0,0,4.27527,0,3,0,0,
0.925,0.596727,0,-1.85992e-006,0,0,4.27827,0,3,0,0,
0.926,0.596727,0,-1.85992e-006,0,0,4.28127,0,3,0,0,
0.927,0.596727,0,-1.85992e-006,0,0,4.28427,0,3,0,0,
0.928,0.596727,0,-1.85992e-006,0,0,4.28727,0,3,0,0,
0.929,0.596726,0,-1.85992e-006,0,0,4.29027,0,3,0,0,
0.93,0.596726,0,-1.85992e-006,0,0,4.29327,0,3,0,0,
0.931,0.596726,0,-1.85992e-006,0,0,4.29627,0,3,0,0,
0.932,0.596726,0,-1.85992e-006,0,0,4.29927,0,3,0,0,
0.933,0.596726,0,-1.85992e-006,0,0,4.30227,0,3,0,0,
0.934,0.596726,0,-1.85992e-006,0,0,4.30527,0,3,0,0,
0.935,0.596726,0,-1.85992e-006,0,0,4.30827,0,3,0,0,
0.936,0.596726,0,-1.85992e-006,0,0,4.31127,0,3,0,0,
0.937,0.596726,0,-1.85992e-006,0,0,4.31427,0,3,0,0,
0.938,0.596726,0,-1.85992e-006,0,0,4.31727,0,3,0,0,
0.939,0.596726,0,-1.85992e-006,0,0,4.32027,0,3,0,0,
0.94,0.596726,0,-1.85992e-006,0,0,4.32327,0,3,0,0,
0.941,0.596726,0,-1.85992e-006,0,0,4.32627,0,3,0,0,
0.942,0.596726,0,-1.85992e-006,0,0,4.32927,0,3,0,0,
0.943,0.596726,0,-1.85992e-006,0,0,4.33227,0,3,0,0,
0.944,0.596726,0,-1.85992e-006,0,0,4.33527,0,3,0,0,
0.945,0.596726,0,-1.85992e-006,0,0,4.33827,0,3,0,0,
0.946,0.596726,0,-1.85992e-006,0,0,4.34127,0,3,0,0,
0.947,0.596726,0,-1.85992e-006,0,0,4.34427,0,3,0,0,
0.948,0.596726,0,-1.85992e-006,0,0,4.34727,0,3,0,0,
0.949,0.596726,0,-1.85992e-006,0,0,4.35027,0,3,0,0,
0.95,0.596726,0,-1.85992e-006,0,0,4.35327,0,3,0,0,
0.951,0.596726,0,-1.85992e-006,0,0,4.35627,0,3,0,0,
0.952,0.596726,0,-1.85992e-006,0,0,4.35927,0,3,0,0,
0.953,0.596726,0,-1.85992e-006,0,0,4.36227,0,3,0,0,
0.954,0.596726,0,-1.85992e-006,0,0,4.36527,0,3,0,0,
0.955,0.596726,0,-1.85992e-006,0,0,4.36827,0,3,0,0,
0.956,0.596726,0,-1.85992e-006,0,0,4.37127,0,3,0,0,
0.957,0.596726,0,-1.85992e-006,0,0,4.37427,0,3,0,0,
0.958,0.596726,0,-1.85992e-006,0,0,4.37727,0,3,0,0,
0.959,0.596726,0,-1.85992e-006,0,0,4.38027,0,3,0,0,
0.96,0.596726,0,-1.85992e-006,0,0,4.38327,0,3,0,0,
0.961,0.596726,0,-1.85992e-006,0,0,4.38627,0,3,0,0,
0.962,0.596726,0,-1.85992e-006,0,0,4.38927,0,3,0,0,
0.963,0.596726,0,-1.85992e-006,0,0,4.39227,0,3,0,0,
0.964,0.596726,0,-1.85992e-006,0,0,4.39527,0,3,0,0,
0.965,0.596726,0,-1.85992e-006,0,0,4.39827,0,3,0,0,
0.966,0.596726,0,-1.85992e-006,0,0,4.40127,0,3,0,0,
0.967,0.596726,0,-1.85992e-006,0,0,4.40427,0,3,0,0,
0.968,0.596726,0,-1.85992e-006,0,0,4.40727,0,3,0,0,
0.969,0.596726,0,-1.85992e-006,0,0,4.41027,0,3,0,0,
0.97,0.596726,0,-1.85992e-006,0,0,4.41327,0,3,0,0,
0.971,0.596726,0,-1.85992e-006,0,0,4.41627,0,3,0,0,
0.972,0.596726,0,-1.85992e-006,0,0,4.41927,0,3,0,0,
0.973,0.596726,0,-1.85992e-006,0,0,4.42227,0,3,0,0,
0.974,0.596726,0,-1.85992e-006,0,0,4.42527,0,3,0,0,
0.975,0.596726,0,-1.85992e-006,0,0,4.42827,0,3,0,0,
0.976,0.596726,0,-1.85992e-006,0,0,4.43127,0,3,0,0,
0.977,0.596726,0,-1.85992e-006,0,0,4.43427,0,3,0,0,
0.978,0.596726,0,-1.85992e-006,0,0,4.43727,0,3,0,0,
0.979,0.596726,0,-1.85992e-006,0,0,4.44027,0,3,0,0,
0.98,0.596726,0,-1.85992e-006,0,0,4.44327,0,3,0,0,
0.981,0.596726,0,-1.85992e-006,0,0,4.44627,0,3,0,0,
0.982,0.596726,0,-1.85992e-006,0,0,4.44927,0,3,0,0,
0.983,0.596726,0,-1.85992e-006,0,0,4.45227,0,3,0,0,
0.984,0.596726,0,-1.85992e-006,0,0,4.45527,0,3,0,0,
0.985,0.596726,0,-1.85992e-006,0,0,4.45827,0,3,0,0,
0.986,0.596726,0,-1.85992e-006,0,0,4.46127,0,3,0,0,
0.987,0.596726,0,-1.85992e-006,0,0,4.46427,0,3,0,0,
0.988,0.596726,0,-1.85992e-006,0,0,4.46727,0,3,0,0,
0.989,0.596726,0,-1.85992e-006,0,0,4.47027,0,3,0,0,
0.99,0.596726,0,-1.85992e-006,0,0,4.47327,0,3,0,0,
0.991,0.596726,0,-1.85992e-006,0,0,4.47627,0,3,0,0,
0.992,0.596726,0,-1.85992e-006,0,0,4.47927,0,3,0,0,
0.993,0.596726,0,-1.85992e-006,0,0,4.48227,0,3,0,0,
0.994,0.596726,0,-1.85992e-006,0,0,4.48527,0,3,0,0,
0.995,0.596726,0,-1.85992e-006,0,0,4.48827,0,3,0,0,
0.996,0.596726,0,-1.85992e-006,0,0,4.49127,0,3,0,0,
0.997,0.596726,0,-1.85992e-006,0,0,4.49427,0,3,0,0,
0.998,0.596726,0,-1.85992e-006,0,0,4.49727,0,3,0,0,
0.999,0.596726,0,-1.85992e-006,0,0,4.50027,0,3,0,0,
1,0.596726,0,-1.85992e-006,0,0,4.50327,0,3,0,0,
