,Ball 0,,,,Ball 1,,,,
,m:,0.032,,,m:,0.032,,,
,r:,0.068,,,r:,0.068,,,
,k:,980,,,k:,980,,,
,rot: ,false,,,,,,,
,u_k: ,0.5,,,,,,,
t,s_x,v_x,theta,w,s_x,v_x,theta,w,
0.0001,0.0005,5,0,0,0.21,0,0,0,
0.0002,0.001,5,0,0,0.21,0,0,0,
0.0003,0.0015,5,0,0,0.21,0,0,0,
0.0004,0.002,5,0,0,0.21,0,0,0,
0.0005,0.0025,5,0,0,0.21,0,0,0,
0.0006,0.003,5,0,0,0.21,0,0,0,
0.0007,0.0035,5,0,0,0.21,0,0,0,
0.0008,0.004,5,0,0,0.21,0,0,0,
0.0009,0.0045,5,0,0,0.21,0,0,0,
0.001,0.005,5,0,0,0.21,0,0,0,
0.0011,0.0055,5,0,0,0.21,0,0,0,
0.0012,0.006,5,0,0,0.21,0,0,0,
0.0013,0.0065,5,0,0,0.21,0,0,0,
0.0014,0.007,5,0,0,0.21,0,0,0,
0.0015,0.0075,5,0,0,0.21,0,0,0,
0.0016,0.008,5,0,0,0.21,0,0,0,
0.0017,0.0085,5,0,0,0.21,0,0,0,
0.0018,0.009,5,0,0,0.21,0,0,0,
0.0019,0.0095,5,0,0,0.21,0,0,0,
0.002,0.01,5,0,0,0.21,0,0,0,
0.0021,0.0105,5,0,0,0.21,0,0,0,
0.0022,0.011,5,0,0,0.21,0,0,0,
0.0023,0.0115,5,0,0,0.21,0,0,0,
0.0024,0.012,5,0,0,0.21,0,0,0,
0.0025,0.0125,5,0,0,0.21,0,0,0,
0.0026,0.013,5,0,0,0.21,0,0,0,
0.0027,0.0135,5,0,0,0.21,0,0,0,
0.0028,0.014,5,0,0,0.21,0,0,0,
0.0029,0.0145,5,0,0,0.21,0,0,0,
0.003,0.015,5,0,0,0.21,0,0,0,
0.0031,0.0155,5,0,0,0.21,0,0,0,
0.0032,0.016,5,0,0,0.21,0,0,0,
0.0033,0.0165,5,0,0,0.21,0,0,0,
0.0034,0.017,5,0,0,0.21,0,0,0,
0.0035,0.0175,5,0,0,0.21,0,0,0,
0.0036,0.018,5,0,0,0.21,0,0,0,
0.0037,0.0185,5,0,0,0.21,0,0,0,
0.0038,0.019,5,0,0,0.21,0,0,0,
0.0039,0.0195,5,0,0,0.21,0,0,0,
0.004,0.02,5,0,0,0.21,0,0,0,
0.0041,0.0205,5,0,0,0.21,0,0,0,
0.0042,0.021,5,0,0,0.21,0,0,0,
0.0043,0.0215,5,0,0,0.21,0,0,0,
0.0044,0.022,5,0,0,0.21,0,0,0,
0.0045,0.0225,5,0,0,0.21,0,0,0,
0.0046,0.023,5,0,0,0.21,0,0,0,
0.0047,0.0235,5,0,0,0.21,0,0,0,
0.0048,0.024,5,0,0,0.21,0,0,0,
0.0049,0.0245,5,0,0,0.21,0,0,0,
0.005,0.025,5,0,0,0.21,0,0,0,
0.0051,0.0255,5,0,0,0.21,0,0,0,
0.0052,0.026,5,0,0,0.21,0,0,0,
0.0053,0.0265,5,0,0,0.21,0,0,0,
0.0054,0.027,5,0,0,0.21,0,0,0,
0.0055,0.0275,5,0,0,0.21,0,0,0,
0.0056,0.028,5,0,0,0.21,0,0,0,
0.0057,0.0285,5,0,0,0.21,0,0,0,
0.0058,0.029,5,0,0,0.21,0,0,0,
0.0059,0.0295,5,0,0,0.21,0,0,0,
0.006,0.03,5,0,0,0.21,0,0,0,
0.0061,0.0305,5,0,0,0.21,0,0,0,
0.0062,0.031,5,0,0,0.21,0,0,0,
0.0063,0.0315,5,0,0,0.21,0,0,0,
0.0064,0.032,5,0,0,0.21,0,0,0,
0.0065,0.0325,5,0,0,0.21,0,0,0,
0.0066,0.033,5,0,0,0.21,0,0,0,
0.0067,0.0335,5,0,0,0.21,0,0,0,
0.0068,0.034,5,0,0,0.21,0,0,0,
0.0069,0.0345,5,0,0,0.21,0,0,0,
0.007,0.035,5,0,0,0.21,0,0,0,
0.0071,0.0355,5,0,0,0.21,0,0,0,
0.0072,0.036,5,0,0,0.21,0,0,0,
0.0073,0.0365,5,0,0,0.21,0,0,0,
0.0074,0.037,5,0,0,0.21,0,0,0,
0.0075,0.0375,5,0,0,0.21,0,0,0,
0.0076,0.038,5,0,0,0.21,0,0,0,
0.0077,0.0385,5,0,0,0.21,0,0,0,
0.0078,0.039,5,0,0,0.21,0,0,0,
0.0079,0.0395,5,0,0,0.21,0,0,0,
0.008,0.04,5,0,0,0.21,0,0,0,
0.0081,0.0405,5,0,0,0.21,0,0,0,
0.0082,0.041,5,0,0,0.21,0,0,0,
0.0083,0.0415,5,0,0,0.21,0,0,0,
0.0084,0.042,5,0,0,0.21,0,0,0,
0.0085,0.0425,5,0,0,0.21,0,0,0,
0.0086,0.043,5,0,0,0.21,0,0,0,
0.0087,0.0435,5,0,0,0.21,0,0,0,
0.0088,0.044,5,0,0,0.21,0,0,0,
0.0089,0.0445,5,0,0,0.21,0,0,0,
0.009,0.045,5,0,0,0.21,0,0,0,
0.0091,0.0455,5,0,0,0.21,0,0,0,
0.0092,0.046,5,0,0,0.21,0,0,0,
0.0093,0.0465,5,0,0,0.21,0,0,0,
0.0094,0.047,5,0,0,0.21,0,0,0,
0.0095,0.0475,5,0,0,0.21,0,0,0,
0.0096,0.048,5,0,0,0.21,0,0,0,
0.0097,0.0485,5,0,0,0.21,0,0,0,
0.0098,0.049,5,0,0,0.21,0,0,0,
0.0099,0.0495,5,0,0,0.21,0,0,0,
0.01,0.05,5,0,0,0.21,0,0,0,
0.0101,0.0505,5,0,0,0.21,0,0,0,
0.0102,0.051,5,0,0,0.21,0,0,0,
0.0103,0.0515,5,0,0,0.21,0,0,0,
0.0104,0.052,5,0,0,0.21,0,0,0,
0.0105,0.0525,5,0,0,0.21,0,0,0,
0.0106,0.053,5,0,0,0.21,0,0,0,
0.0107,0.0535,5,0,0,0.21,0,0,0,
0.0108,0.054,5,0,0,0.21,0,0,0,
0.0109,0.0545,5,0,0,0.21,0,0,0,
0.011,0.055,5,0,0,0.21,0,0,0,
0.0111,0.0555,5,0,0,0.21,0,0,0,
0.0112,0.056,5,0,0,0.21,0,0,0,
0.0113,0.0565,5,0,0,0.21,0,0,0,
0.0114,0.057,5,0,0,0.21,0,0,0,
0.0115,0.0575,5,0,0,0.21,0,0,0,
0.0116,0.058,5,0,0,0.21,0,0,0,
0.0117,0.0585,5,0,0,0.21,0,0,0,
0.0118,0.059,5,0,0,0.21,0,0,0,
0.0119,0.0595,5,0,0,0.21,0,0,0,
0.012,0.06,5,0,0,0.21,0,0,0,
0.0121,0.0605,5,0,0,0.21,0,0,0,
0.0122,0.061,5,0,0,0.21,0,0,0,
0.0123,0.0615,5,0,0,0.21,0,0,0,
0.0124,0.062,5,0,0,0.21,0,0,0,
0.0125,0.0625,5,0,0,0.21,0,0,0,
0.0126,0.063,5,0,0,0.21,0,0,0,
0.0127,0.0635,5,0,0,0.21,0,0,0,
0.0128,0.064,5,0,0,0.21,0,0,0,
0.0129,0.0645,5,0,0,0.21,0,0,0,
0.013,0.065,5,0,0,0.21,0,0,0,
0.0131,0.0655,5,0,0,0.21,0,0,0,
0.0132,0.066,5,0,0,0.21,0,0,0,
0.0133,0.0665,5,0,0,0.21,0,0,0,
0.0134,0.067,5,0,0,0.21,0,0,0,
0.0135,0.0675,5,0,0,0.21,0,0,0,
0.0136,0.068,5,0,0,0.21,0,0,0,
0.0137,0.0685,5,0,0,0.21,0,0,0,
0.0138,0.069,5,0,0,0.21,0,0,0,
0.0139,0.0695,5,0,0,0.21,0,0,0,
0.014,0.07,5,0,0,0.21,0,0,0,
0.0141,0.0705,5,0,0,0.21,0,0,0,
0.0142,0.071,5,0,0,0.21,0,0,0,
0.0143,0.0715,5,0,0,0.21,0,0,0,
0.0144,0.072,5,0,0,0.21,0,0,0,
0.0145,0.0725,5,0,0,0.21,0,0,0,
0.0146,0.073,5,0,0,0.21,0,0,0,
0.0147,0.0735,5,0,0,0.21,0,0,0,
0.0148,0.074,5,0,0,0.21,0,0,0,
0.0149,0.0745,5,0,0,0.21,8.50015e-017,0,0,
0.015,0.0749999,4.99923,0,0,0.21,0.000765625,0,0,
0.0151,0.0754997,4.9977,0,0,0.21,0.00229664,0,0,
0.0152,0.0759992,4.99541,0,0,0.210001,0.00459258,0,0,
0.0153,0.0764985,4.99235,0,0,0.210002,0.00765273,0,0,
0.0154,0.0769973,4.98852,0,0,0.210003,0.0114762,0,0,
0.0155,0.0774957,4.98394,0,0,0.210004,0.0160617,0,0,
0.0156,0.0779936,4.97859,0,0,0.210006,0.021408,0,0,
0.0157,0.0784908,4.97249,0,0,0.210009,0.0275133,0,0,
0.0158,0.0789874,4.96562,0,0,0.210013,0.0343758,0,0,
0.0159,0.0794832,4.95801,0,0,0.210017,0.0419934,0,0,
0.016,0.0799782,4.94964,0,0,0.210022,0.0503638,0,0,
0.0161,0.0804722,4.94052,0,0,0.210028,0.0594844,0,0,
0.0162,0.0809653,4.93065,0,0,0.210035,0.0693524,0,0,
0.0163,0.0814573,4.92004,0,0,0.210043,0.0799648,0,0,
0.0164,0.0819481,4.90868,0,0,0.210052,0.0913183,0,0,
0.0165,0.0824378,4.89659,0,0,0.210062,0.103409,0,0,
0.0166,0.0829262,4.88377,0,0,0.210074,0.116235,0,0,
0.0167,0.0834132,4.87021,0,0,0.210087,0.12979,0,0,
0.0168,0.0838988,4.85593,0,0,0.210101,0.144071,0,0,
0.0169,0.0843829,4.84093,0,0,0.210117,0.159073,0,0,
0.017,0.0848654,4.82521,0,0,0.210135,0.174793,0,0,
0.0171,0.0853463,4.80878,0,0,0.210154,0.191224,0,0,
0.0172,0.0858254,4.79164,0,0,0.210175,0.208363,0,0,
0.0173,0.0863028,4.7738,0,0,0.210197,0.226203,0,0,
0.0174,0.0867783,4.75526,0,0,0.210222,0.24474,0,0,
0.0175,0.087252,4.73603,0,0,0.210248,0.263968,0,0,
0.0176,0.0877236,4.71612,0,0,0.210276,0.28388,0,0,
0.0177,0.0881931,4.69553,0,0,0.210307,0.304471,0,0,
0.0178,0.0886605,4.67427,0,0,0.210339,0.325734,0,0,
0.0179,0.0891258,4.65234,0,0,0.210374,0.347663,0,0,
0.018,0.0895888,4.62975,0,0,0.210411,0.370251,0,0,
0.0181,0.0900494,4.60651,0,0,0.210451,0.393492,0,0,
0.0182,0.0905077,4.58262,0,0,0.210492,0.417378,0,0,
0.0183,0.0909635,4.5581,0,0,0.210537,0.441901,0,0,
0.0184,0.0914168,4.53295,0,0,0.210583,0.467055,0,0,
0.0185,0.0918675,4.50717,0,0,0.210633,0.492831,0,0,
0.0186,0.0923156,4.48078,0,0,0.210684,0.519222,0,0,
0.0187,0.0927609,4.45378,0,0,0.210739,0.54622,0,0,
0.0188,0.0932036,4.42618,0,0,0.210796,0.573816,0,0,
0.0189,0.0936434,4.398,0,0,0.210857,0.602002,0,0,
0.019,0.0940803,4.36923,0,0,0.21092,0.630769,0,0,
0.0191,0.0945143,4.33989,0,0,0.210986,0.660109,0,0,
0.0192,0.0949453,4.30999,0,0,0.211055,0.690012,0,0,
0.0193,0.0953732,4.27953,0,0,0.211127,0.720469,0,0,
0.0194,0.0957981,4.24853,0,0,0.211202,0.751471,0,0,
0.0195,0.0962198,4.21699,0,0,0.21128,0.783009,0,0,
0.0196,0.0966383,4.18493,0,0,0.211362,0.815073,0,0,
0.0197,0.0970535,4.15235,0,0,0.211446,0.847653,0,0,
0.0198,0.0974654,4.11926,0,0,0.211535,0.880738,0,0,
0.0199,0.097874,4.08568,0,0,0.211626,0.91432,0,0,
0.02,0.0982792,4.05161,0,0,0.211721,0.948387,0,0,
0.0201,0.0986809,4.01707,0,0,0.211819,0.98293,0,0,
0.0202,0.0990791,3.98206,0,0,0.211921,1.01794,0,0,
0.0203,0.0994737,3.9466,0,0,0.212026,1.0534,0,0,
0.0204,0.0998648,3.9107,0,0,0.212135,1.0893,0,0,
0.0205,0.100252,3.87436,0,0,0.212248,1.12564,0,0,
0.0206,0.100636,3.83761,0,0,0.212364,1.16239,0,0,
0.0207,0.101016,3.80044,0,0,0.212484,1.19956,0,0,
0.0208,0.101392,3.76287,0,0,0.212608,1.23713,0,0,
0.0209,0.101765,3.72492,0,0,0.212735,1.27508,0,0,
0.021,0.102133,3.6866,0,0,0.212867,1.3134,0,0,
0.0211,0.102498,3.64791,0,0,0.213002,1.35209,0,0,
0.0212,0.102859,3.60886,0,0,0.213141,1.39114,0,0,
0.0213,0.103216,3.56948,0,0,0.213284,1.43052,0,0,
0.0214,0.103569,3.52977,0,0,0.213431,1.47023,0,0,
0.0215,0.103918,3.48975,0,0,0.213582,1.51025,0,0,
0.0216,0.104263,3.44942,0,0,0.213737,1.55058,0,0,
0.0217,0.104604,3.40881,0,0,0.213896,1.59119,0,0,
0.0218,0.104941,3.36791,0,0,0.214059,1.63209,0,0,
0.0219,0.105273,3.32675,0,0,0.214227,1.67325,0,0,
0.022,0.105602,3.28533,0,0,0.214398,1.71467,0,0,
0.0221,0.105926,3.24368,0,0,0.214574,1.75632,0,0,
0.0222,0.106246,3.20179,0,0,0.214754,1.79821,0,0,
0.0223,0.106562,3.15969,0,0,0.214938,1.84031,0,0,
0.0224,0.106874,3.11739,0,0,0.215126,1.88261,0,0,
0.0225,0.107182,3.0749,0,0,0.215318,1.9251,0,0,
0.0226,0.107485,3.03224,0,0,0.215515,1.96776,0,0,
0.0227,0.107784,2.98941,0,0,0.215716,2.01059,0,0,
0.0228,0.108078,2.94643,0,0,0.215922,2.05357,0,0,
0.0229,0.108369,2.90332,0,0,0.216131,2.09668,0,0,
0.023,0.108655,2.86008,0,0,0.216345,2.13992,0,0,
0.0231,0.108936,2.81673,0,0,0.216564,2.18327,0,0,
0.0232,0.109214,2.77328,0,0,0.216786,2.22672,0,0,
0.0233,0.109487,2.72975,0,0,0.217013,2.27025,0,0,
0.0234,0.109755,2.68615,0,0,0.217245,2.31385,0,0,
0.0235,0.11002,2.6425,0,0,0.21748,2.3575,0,0,
0.0236,0.110279,2.5988,0,0,0.217721,2.4012,0,0,
0.0237,0.110535,2.55506,0,0,0.217965,2.44494,0,0,
0.0238,0.110786,2.51132,0,0,0.218214,2.48868,0,0,
0.0239,0.111033,2.46756,0,0,0.218467,2.53244,0,0,
0.024,0.111275,2.42382,0,0,0.218725,2.57618,0,0,
0.0241,0.111513,2.38011,0,0,0.218987,2.61989,0,0,
0.0242,0.111747,2.33642,0,0,0.219253,2.66358,0,0,
0.0243,0.111976,2.29279,0,0,0.219524,2.70721,0,0,
0.0244,0.112201,2.24923,0,0,0.219799,2.75077,0,0,
0.0245,0.112422,2.20573,0,0,0.220078,2.79427,0,0,
0.0246,0.112638,2.16233,0,0,0.220362,2.83767,0,0,
0.0247,0.11285,2.11904,0,0,0.22065,2.88096,0,0,
0.0248,0.113057,2.07586,0,0,0.220943,2.92414,0,0,
0.0249,0.113261,2.0328,0,0,0.221239,2.9672,0,0,
0.025,0.11346,1.9899,0,0,0.22154,3.0101,0,0,
0.0251,0.113654,1.94715,0,0,0.221846,3.05285,0,0,
0.0252,0.113845,1.90456,0,0,0.222155,3.09544,0,0,
0.0253,0.114031,1.86216,0,0,0.222469,3.13784,0,0,
0.0254,0.114213,1.81996,0,0,0.222787,3.18004,0,0,
0.0255,0.114391,1.77796,0,0,0.223109,3.22204,0,0,
0.0256,0.114564,1.73619,0,0,0.223436,3.26381,0,0,
0.0257,0.114734,1.69465,0,0,0.223766,3.30535,0,0,
0.0258,0.114899,1.65335,0,0,0.224101,3.34665,0,0,
0.0259,0.115061,1.61232,0,0,0.224439,3.38768,0,0,
0.026,0.115218,1.57155,0,0,0.224782,3.42845,0,0,
0.0261,0.115371,1.53107,0,0,0.225129,3.46893,0,0,
0.0262,0.11552,1.49089,0,0,0.22548,3.50911,0,0,
0.0263,0.115665,1.45102,0,0,0.225835,3.54898,0,0,
0.0264,0.115806,1.41147,0,0,0.226194,3.58853,0,0,
0.0265,0.115943,1.37225,0,0,0.226557,3.62775,0,0,
0.0266,0.116077,1.33337,0,0,0.226923,3.66663,0,0,
0.0267,0.116206,1.29486,0,0,0.227294,3.70514,0,0,
0.0268,0.116332,1.25671,0,0,0.227668,3.74329,0,0,
0.0269,0.116454,1.21894,0,0,0.228046,3.78106,0,0,
0.027,0.116572,1.18157,0,0,0.228428,3.81843,0,0,
0.0271,0.116686,1.1446,0,0,0.228814,3.8554,0,0,
0.0272,0.116797,1.10804,0,0,0.229203,3.89196,0,0,
0.0273,0.116904,1.07192,0,0,0.229596,3.92808,0,0,
0.0274,0.117008,1.03622,0,0,0.229992,3.96378,0,0,
0.0275,0.117108,1.00098,0,0,0.230392,3.99902,0,0,
0.0276,0.117205,0.966197,0,0,0.230795,4.0338,0,0,
0.0277,0.117298,0.931883,0,0,0.231202,4.06812,0,0,
0.0278,0.117388,0.898049,0,0,0.231612,4.10195,0,0,
0.0279,0.117474,0.864705,0,0,0.232026,4.13529,0,0,
0.028,0.117557,0.831862,0,0,0.232443,4.16814,0,0,
0.0281,0.117637,0.799531,0,0,0.232863,4.20047,0,0,
0.0282,0.117714,0.767719,0,0,0.233286,4.23228,0,0,
0.0283,0.117788,0.736439,0,0,0.233712,4.26356,0,0,
0.0284,0.117858,0.705698,0,0,0.234142,4.2943,0,0,
0.0285,0.117926,0.675507,0,0,0.234574,4.32449,0,0,
0.0286,0.11799,0.645875,0,0,0.23501,4.35412,0,0,
0.0287,0.118052,0.616811,0,0,0.235448,4.38319,0,0,
0.0288,0.118111,0.588323,0,0,0.235889,4.41168,0,0,
0.0289,0.118167,0.560421,0,0,0.236333,4.43958,0,0,
0.029,0.11822,0.533113,0,0,0.23678,4.46689,0,0,
0.0291,0.118271,0.506407,0,0,0.237229,4.49359,0,0,
0.0292,0.118319,0.480311,0,0,0.237681,4.51969,0,0,
0.0293,0.118364,0.454835,0,0,0.238136,4.54517,0,0,
0.0294,0.118407,0.429984,0,0,0.238593,4.57002,0,0,
0.0295,0.118448,0.405768,0,0,0.239052,4.59423,0,0,
0.0296,0.118486,0.382193,0,0,0.239514,4.61781,0,0,
0.0297,0.118522,0.359266,0,0,0.239978,4.64073,0,0,
0.0298,0.118556,0.336995,0,0,0.240444,4.66301,0,0,
0.0299,0.118587,0.315386,0,0,0.240913,4.68461,0,0,
0.03,0.118617,0.294447,0,0,0.241383,4.70555,0,0,
0.0301,0.118644,0.274183,0,0,0.241856,4.72582,0,0,
0.0302,0.11867,0.2546,0,0,0.24233,4.7454,0,0,
0.0303,0.118693,0.235706,0,0,0.242807,4.76429,0,0,
0.0304,0.118715,0.217504,0,0,0.243285,4.7825,0,0,
0.0305,0.118735,0.200002,0,0,0.243765,4.8,0,0,
0.0306,0.118753,0.183204,0,0,0.244247,4.8168,0,0,
0.0307,0.11877,0.167116,0,0,0.24473,4.83288,0,0,
0.0308,0.118785,0.151742,0,0,0.245215,4.84826,0,0,
0.0309,0.118799,0.137087,0,0,0.245701,4.86291,0,0,
0.031,0.118811,0.123156,0,0,0.246189,4.87684,0,0,
0.0311,0.118822,0.109952,0,0,0.246678,4.89005,0,0,
0.0312,0.118832,0.0974811,0,0,0.247168,4.90252,0,0,
0.0313,0.118841,0.0857455,0,0,0.247659,4.91425,0,0,
0.0314,0.118848,0.0747493,0,0,0.248152,4.92525,0,0,
0.0315,0.118855,0.0644959,0,0,0.248645,4.9355,0,0,
0.0316,0.11886,0.0549883,0,0,0.24914,4.94501,0,0,
0.0317,0.118865,0.0462295,0,0,0.249635,4.95377,0,0,
0.0318,0.118868,0.0382222,0,0,0.250132,4.96178,0,0,
0.0319,0.118872,0.0309688,0,0,0.250628,4.96903,0,0,
0.032,0.118874,0.0244715,0,0,0.251126,4.97553,0,0,
0.0321,0.118876,0.0187324,0,0,0.251624,4.98127,0,0,
0.0322,0.118877,0.0137532,0,0,0.252123,4.98625,0,0,
0.0323,0.118878,0.00953533,0,0,0.252622,4.99046,0,0,
0.0324,0.118879,0.0060802,0,0,0.253121,4.99392,0,0,
0.0325,0.118879,0.00338884,0,0,0.253621,4.99661,0,0,
0.0326,0.118879,0.00146207,0,0,0.254121,4.99854,0,0,
0.0327,0.118879,0.00030047,0,0,0.254621,4.9997,0,0,
0.0328,0.118879,-9.55942e-005,0,0,0.255121,5.0001,0,0,
0.0329,0.118879,-9.55942e-005,0,0,0.255621,5.0001,0,0,
0.033,0.118879,-9.55942e-005,0,0,0.256121,5.0001,0,0,
0.0331,0.118879,-9.55942e-005,0,0,0.256621,5.0001,0,0,
0.0332,0.118879,-9.55942e-005,0,0,0.257121,5.0001,0,0,
0.0333,0.118879,-9.55942e-005,0,0,0.257621,5.0001,0,0,
0.0334,0.118879,-9.55942e-005,0,0,0.258121,5.0001,0,0,
0.0335,0.118879,-9.55942e-005,0,0,0.258621,5.0001,0,0,
0.0336,0.118879,-9.55942e-005,0,0,0.259121,5.0001,0,0,
0.0337,0.118879,-9.55942e-005,0,0,0.259621,5.0001,0,0,
0.0338,0.118879,-9.55942e-005,0,0,0.260121,5.0001,0,0,
0.0339,0.118879,-9.55942e-005,0,0,0.260621,5.0001,0,0,
0.034,0.118879,-9.55942e-005,0,0,0.261121,5.0001,0,0,
0.0341,0.118879,-9.55942e-005,0,0,0.261621,5.0001,0,0,
0.0342,0.118879,-9.55942e-005,0,0,0.262121,5.0001,0,0,
0.0343,0.118879,-9.55942e-005,0,0,0.262621,5.0001,0,0,
0.0344,0.118879,-9.55942e-005,0,0,0.263121,5.0001,0,0,
0.0345,0.118879,-9.55942e-005,0,0,0.263621,5.0001,0,0,
0.0346,0.118879,-9.55942e-005,0,0,0.264121,5.0001,0,0,
0.0347,0.118879,-9.55942e-005,0,0,0.264621,5.0001,0,0,
0.0348,0.118879,-9.55942e-005,0,0,0.265121,5.0001,0,0,
0.0349,0.118879,-9.55942e-005,0,0,0.265621,5.0001,0,0,
0.035,0.118879,-9.55942e-005,0,0,0.266121,5.0001,0,0,
0.0351,0.118879,-9.55942e-005,0,0,0.266621,5.0001,0,0,
0.0352,0.118879,-9.55942e-005,0,0,0.267121,5.0001,0,0,
0.0353,0.118879,-9.55942e-005,0,0,0.267621,5.0001,0,0,
0.0354,0.118879,-9.55942e-005,0,0,0.268121,5.0001,0,0,
0.0355,0.118879,-9.55942e-005,0,0,0.268621,5.0001,0,0,
0.0356,0.118879,-9.55942e-005,0,0,0.269121,5.0001,0,0,
0.0357,0.118879,-9.55942e-005,0,0,0.269621,5.0001,0,0,
0.0358,0.118879,-9.55942e-005,0,0,0.270121,5.0001,0,0,
0.0359,0.118879,-9.55942e-005,0,0,0.270621,5.0001,0,0,
0.036,0.118879,-9.55942e-005,0,0,0.271121,5.0001,0,0,
0.0361,0.118879,-9.55942e-005,0,0,0.271621,5.0001,0,0,
0.0362,0.118879,-9.55942e-005,0,0,0.272121,5.0001,0,0,
0.0363,0.118879,-9.55942e-005,0,0,0.272621,5.0001,0,0,
0.0364,0.118879,-9.55942e-005,0,0,0.273121,5.0001,0,0,
0.0365,0.118879,-9.55942e-005,0,0,0.273621,5.0001,0,0,
0.0366,0.118879,-9.55942e-005,0,0,0.274121,5.0001,0,0,
0.0367,0.118879,-9.55942e-005,0,0,0.274621,5.0001,0,0,
0.0368,0.118879,-9.55942e-005,0,0,0.275121,5.0001,0,0,
0.0369,0.118879,-9.55942e-005,0,0,0.275621,5.0001,0,0,
0.037,0.118879,-9.55942e-005,0,0,0.276121,5.0001,0,0,
0.0371,0.118879,-9.55942e-005,0,0,0.276621,5.0001,0,0,
0.0372,0.118879,-9.55942e-005,0,0,0.277121,5.0001,0,0,
0.0373,0.118879,-9.55942e-005,0,0,0.277621,5.0001,0,0,
0.0374,0.118879,-9.55942e-005,0,0,0.278121,5.0001,0,0,
0.0375,0.118879,-9.55942e-005,0,0,0.278621,5.0001,0,0,
0.0376,0.118879,-9.55942e-005,0,0,0.279121,5.0001,0,0,
0.0377,0.118879,-9.55942e-005,0,0,0.279621,5.0001,0,0,
0.0378,0.118879,-9.55942e-005,0,0,0.280121,5.0001,0,0,
0.0379,0.118879,-9.55942e-005,0,0,0.280621,5.0001,0,0,
0.038,0.118879,-9.55942e-005,0,0,0.281121,5.0001,0,0,
0.0381,0.118879,-9.55942e-005,0,0,0.281621,5.0001,0,0,
0.0382,0.118879,-9.55942e-005,0,0,0.282121,5.0001,0,0,
0.0383,0.118879,-9.55942e-005,0,0,0.282621,5.0001,0,0,
0.0384,0.118879,-9.55942e-005,0,0,0.283121,5.0001,0,0,
0.0385,0.118879,-9.55942e-005,0,0,0.283621,5.0001,0,0,
0.0386,0.118879,-9.55942e-005,0,0,0.284121,5.0001,0,0,
0.0387,0.118879,-9.55942e-005,0,0,0.284621,5.0001,0,0,
0.0388,0.118879,-9.55942e-005,0,0,0.285121,5.0001,0,0,
0.0389,0.118879,-9.55942e-005,0,0,0.285621,5.0001,0,0,
0.039,0.118879,-9.55942e-005,0,0,0.286121,5.0001,0,0,
0.0391,0.118879,-9.55942e-005,0,0,0.286621,5.0001,0,0,
0.0392,0.118879,-9.55942e-005,0,0,0.287121,5.0001,0,0,
0.0393,0.118879,-9.55942e-005,0,0,0.287621,5.0001,0,0,
0.0394,0.118879,-9.55942e-005,0,0,0.288121,5.0001,0,0,
0.0395,0.118879,-9.55942e-005,0,0,0.288621,5.0001,0,0,
0.0396,0.118879,-9.55942e-005,0,0,0.289121,5.0001,0,0,
0.0397,0.118879,-9.55942e-005,0,0,0.289621,5.0001,0,0,
0.0398,0.118879,-9.55942e-005,0,0,0.290121,5.0001,0,0,
0.0399,0.118879,-9.55942e-005,0,0,0.290621,5.0001,0,0,
0.04,0.118879,-9.55942e-005,0,0,0.291121,5.0001,0,0,
0.0401,0.118879,-9.55942e-005,0,0,0.291621,5.0001,0,0,
0.0402,0.118879,-9.55942e-005,0,0,0.292121,5.0001,0,0,
0.0403,0.118879,-9.55942e-005,0,0,0.292621,5.0001,0,0,
0.0404,0.118879,-9.55942e-005,0,0,0.293121,5.0001,0,0,
0.0405,0.118879,-9.55942e-005,0,0,0.293621,5.0001,0,0,
0.0406,0.118879,-9.55942e-005,0,0,0.294121,5.0001,0,0,
0.0407,0.118879,-9.55942e-005,0,0,0.294621,5.0001,0,0,
0.0408,0.118879,-9.55942e-005,0,0,0.295121,5.0001,0,0,
0.0409,0.118879,-9.55942e-005,0,0,0.295621,5.0001,0,0,
0.041,0.118879,-9.55942e-005,0,0,0.296121,5.0001,0,0,
0.0411,0.118879,-9.55942e-005,0,0,0.296621,5.0001,0,0,
0.0412,0.118879,-9.55942e-005,0,0,0.297121,5.0001,0,0,
0.0413,0.118879,-9.55942e-005,0,0,0.297621,5.0001,0,0,
0.0414,0.118878,-9.55942e-005,0,0,0.298122,5.0001,0,0,
0.0415,0.118878,-9.55942e-005,0,0,0.298622,5.0001,0,0,
0.0416,0.118878,-9.55942e-005,0,0,0.299122,5.0001,0,0,
0.0417,0.118878,-9.55942e-005,0,0,0.299622,5.0001,0,0,
0.0418,0.118878,-9.55942e-005,0,0,0.300122,5.0001,0,0,
0.0419,0.118878,-9.55942e-005,0,0,0.300622,5.0001,0,0,
0.042,0.118878,-9.55942e-005,0,0,0.301122,5.0001,0,0,
0.0421,0.118878,-9.55942e-005,0,0,0.301622,5.0001,0,0,
0.0422,0.118878,-9.55942e-005,0,0,0.302122,5.0001,0,0,
0.0423,0.118878,-9.55942e-005,0,0,0.302622,5.0001,0,0,
0.0424,0.118878,-9.55942e-005,0,0,0.303122,5.0001,0,0,
0.0425,0.118878,-9.55942e-005,0,0,0.303622,5.0001,0,0,
0.0426,0.118878,-9.55942e-005,0,0,0.304122,5.0001,0,0,
0.0427,0.118878,-9.55942e-005,0,0,0.304622,5.0001,0,0,
0.0428,0.118878,-9.55942e-005,0,0,0.305122,5.0001,0,0,
0.0429,0.118878,-9.55942e-005,0,0,0.305622,5.0001,0,0,
0.043,0.118878,-9.55942e-005,0,0,0.306122,5.0001,0,0,
0.0431,0.118878,-9.55942e-005,0,0,0.306622,5.0001,0,0,
0.0432,0.118878,-9.55942e-005,0,0,0.307122,5.0001,0,0,
0.0433,0.118878,-9.55942e-005,0,0,0.307622,5.0001,0,0,
0.0434,0.118878,-9.55942e-005,0,0,0.308122,5.0001,0,0,
0.0435,0.118878,-9.55942e-005,0,0,0.308622,5.0001,0,0,
0.0436,0.118878,-9.55942e-005,0,0,0.309122,5.0001,0,0,
0.0437,0.118878,-9.55942e-005,0,0,0.309622,5.0001,0,0,
0.0438,0.118878,-9.55942e-005,0,0,0.310122,5.0001,0,0,
0.0439,0.118878,-9.55942e-005,0,0,0.310622,5.0001,0,0,
0.044,0.118878,-9.55942e-005,0,0,0.311122,5.0001,0,0,
0.0441,0.118878,-9.55942e-005,0,0,0.311622,5.0001,0,0,
0.0442,0.118878,-9.55942e-005,0,0,0.312122,5.0001,0,0,
0.0443,0.118878,-9.55942e-005,0,0,0.312622,5.0001,0,0,
0.0444,0.118878,-9.55942e-005,0,0,0.313122,5.0001,0,0,
0.0445,0.118878,-9.55942e-005,0,0,0.313622,5.0001,0,0,
0.0446,0.118878,-9.55942e-005,0,0,0.314122,5.0001,0,0,
0.0447,0.118878,-9.55942e-005,0,0,0.314622,5.0001,0,0,
0.0448,0.118878,-9.55942e-005,0,0,0.315122,5.0001,0,0,
0.0449,0.118878,-9.55942e-005,0,0,0.315622,5.0001,0,0,
0.045,0.118878,-9.55942e-005,0,0,0.316122,5.0001,0,0,
0.0451,0.118878,-9.55942e-005,0,0,0.316622,5.0001,0,0,
0.0452,0.118878,-9.55942e-005,0,0,0.317122,5.0001,0,0,
0.0453,0.118878,-9.55942e-005,0,0,0.317622,5.0001,0,0,
0.0454,0.118878,-9.55942e-005,0,0,0.318122,5.0001,0,0,
0.0455,0.118878,-9.55942e-005,0,0,0.318622,5.0001,0,0,
0.0456,0.118878,-9.55942e-005,0,0,0.319122,5.0001,0,0,
0.0457,0.118878,-9.55942e-005,0,0,0.319622,5.0001,0,0,
0.0458,0.118878,-9.55942e-005,0,0,0.320122,5.0001,0,0,
0.0459,0.118878,-9.55942e-005,0,0,0.320622,5.0001,0,0,
0.046,0.118878,-9.55942e-005,0,0,0.321122,5.0001,0,0,
0.0461,0.118878,-9.55942e-005,0,0,0.321622,5.0001,0,0,
0.0462,0.118878,-9.55942e-005,0,0,0.322122,5.0001,0,0,
0.0463,0.118878,-9.55942e-005,0,0,0.322622,5.0001,0,0,
0.0464,0.118878,-9.55942e-005,0,0,0.323122,5.0001,0,0,
0.0465,0.118878,-9.55942e-005,0,0,0.323622,5.0001,0,0,
0.0466,0.118878,-9.55942e-005,0,0,0.324122,5.0001,0,0,
0.0467,0.118878,-9.55942e-005,0,0,0.324622,5.0001,0,0,
0.0468,0.118878,-9.55942e-005,0,0,0.325122,5.0001,0,0,
0.0469,0.118878,-9.55942e-005,0,0,0.325622,5.0001,0,0,
0.047,0.118878,-9.55942e-005,0,0,0.326122,5.0001,0,0,
0.0471,0.118878,-9.55942e-005,0,0,0.326622,5.0001,0,0,
0.0472,0.118878,-9.55942e-005,0,0,0.327122,5.0001,0,0,
0.0473,0.118878,-9.55942e-005,0,0,0.327622,5.0001,0,0,
0.0474,0.118878,-9.55942e-005,0,0,0.328122,5.0001,0,0,
0.0475,0.118878,-9.55942e-005,0,0,0.328622,5.0001,0,0,
0.0476,0.118878,-9.55942e-005,0,0,0.329122,5.0001,0,0,
0.0477,0.118878,-9.55942e-005,0,0,0.329622,5.0001,0,0,
0.0478,0.118878,-9.55942e-005,0,0,0.330122,5.0001,0,0,
0.0479,0.118878,-9.55942e-005,0,0,0.330622,5.0001,0,0,
0.048,0.118878,-9.55942e-005,0,0,0.331122,5.0001,0,0,
0.0481,0.118878,-9.55942e-005,0,0,0.331622,5.0001,0,0,
0.0482,0.118878,-9.55942e-005,0,0,0.332122,5.0001,0,0,
0.0483,0.118878,-9.55942e-005,0,0,0.332622,5.0001,0,0,
0.0484,0.118878,-9.55942e-005,0,0,0.333122,5.0001,0,0,
0.0485,0.118878,-9.55942e-005,0,0,0.333622,5.0001,0,0,
0.0486,0.118878,-9.55942e-005,0,0,0.334122,5.0001,0,0,
0.0487,0.118878,-9.55942e-005,0,0,0.334622,5.0001,0,0,
0.0488,0.118878,-9.55942e-005,0,0,0.335122,5.0001,0,0,
0.0489,0.118878,-9.55942e-005,0,0,0.335622,5.0001,0,0,
0.049,0.118878,-9.55942e-005,0,0,0.336122,5.0001,0,0,
0.0491,0.118878,-9.55942e-005,0,0,0.336622,5.0001,0,0,
0.0492,0.118878,-9.55942e-005,0,0,0.337122,5.0001,0,0,
0.0493,0.118878,-9.55942e-005,0,0,0.337622,5.0001,0,0,
0.0494,0.118878,-9.55942e-005,0,0,0.338122,5.0001,0,0,
0.0495,0.118878,-9.55942e-005,0,0,0.338622,5.0001,0,0,
0.0496,0.118878,-9.55942e-005,0,0,0.339122,5.0001,0,0,
0.0497,0.118878,-9.55942e-005,0,0,0.339622,5.0001,0,0,
0.0498,0.118878,-9.55942e-005,0,0,0.340122,5.0001,0,0,
0.0499,0.118878,-9.55942e-005,0,0,0.340622,5.0001,0,0,
0.05,0.118878,-9.55942e-005,0,0,0.341122,5.0001,0,0,
0.0501,0.118878,-9.55942e-005,0,0,0.341622,5.0001,0,0,
0.0502,0.118878,-9.55942e-005,0,0,0.342122,5.0001,0,0,
0.0503,0.118878,-9.55942e-005,0,0,0.342622,5.0001,0,0,
0.0504,0.118878,-9.55942e-005,0,0,0.343122,5.0001,0,0,
0.0505,0.118878,-9.55942e-005,0,0,0.343622,5.0001,0,0,
0.0506,0.118878,-9.55942e-005,0,0,0.344122,5.0001,0,0,
0.0507,0.118878,-9.55942e-005,0,0,0.344622,5.0001,0,0,
0.0508,0.118878,-9.55942e-005,0,0,0.345122,5.0001,0,0,
0.0509,0.118878,-9.55942e-005,0,0,0.345622,5.0001,0,0,
0.051,0.118878,-9.55942e-005,0,0,0.346122,5.0001,0,0,
0.0511,0.118878,-9.55942e-005,0,0,0.346622,5.0001,0,0,
0.0512,0.118878,-9.55942e-005,0,0,0.347122,5.0001,0,0,
0.0513,0.118878,-9.55942e-005,0,0,0.347622,5.0001,0,0,
0.0514,0.118878,-9.55942e-005,0,0,0.348122,5.0001,0,0,
0.0515,0.118878,-9.55942e-005,0,0,0.348622,5.0001,0,0,
0.0516,0.118878,-9.55942e-005,0,0,0.349122,5.0001,0,0,
0.0517,0.118878,-9.55942e-005,0,0,0.349622,5.0001,0,0,
0.0518,0.118878,-9.55942e-005,0,0,0.350122,5.0001,0,0,
0.0519,0.118877,-9.55942e-005,0,0,0.350623,5.0001,0,0,
0.052,0.118877,-9.55942e-005,0,0,0.351123,5.0001,0,0,
0.0521,0.118877,-9.55942e-005,0,0,0.351623,5.0001,0,0,
0.0522,0.118877,-9.55942e-005,0,0,0.352123,5.0001,0,0,
0.0523,0.118877,-9.55942e-005,0,0,0.352623,5.0001,0,0,
0.0524,0.118877,-9.55942e-005,0,0,0.353123,5.0001,0,0,
0.0525,0.118877,-9.55942e-005,0,0,0.353623,5.0001,0,0,
0.0526,0.118877,-9.55942e-005,0,0,0.354123,5.0001,0,0,
0.0527,0.118877,-9.55942e-005,0,0,0.354623,5.0001,0,0,
0.0528,0.118877,-9.55942e-005,0,0,0.355123,5.0001,0,0,
0.0529,0.118877,-9.55942e-005,0,0,0.355623,5.0001,0,0,
0.053,0.118877,-9.55942e-005,0,0,0.356123,5.0001,0,0,
0.0531,0.118877,-9.55942e-005,0,0,0.356623,5.0001,0,0,
0.0532,0.118877,-9.55942e-005,0,0,0.357123,5.0001,0,0,
0.0533,0.118877,-9.55942e-005,0,0,0.357623,5.0001,0,0,
0.0534,0.118877,-9.55942e-005,0,0,0.358123,5.0001,0,0,
0.0535,0.118877,-9.55942e-005,0,0,0.358623,5.0001,0,0,
0.0536,0.118877,-9.55942e-005,0,0,0.359123,5.0001,0,0,
0.0537,0.118877,-9.55942e-005,0,0,0.359623,5.0001,0,0,
0.0538,0.118877,-9.55942e-005,0,0,0.360123,5.0001,0,0,
0.0539,0.118877,-9.55942e-005,0,0,0.360623,5.0001,0,0,
0.054,0.118877,-9.55942e-005,0,0,0.361123,5.0001,0,0,
0.0541,0.118877,-9.55942e-005,0,0,0.361623,5.0001,0,0,
0.0542,0.118877,-9.55942e-005,0,0,0.362123,5.0001,0,0,
0.0543,0.118877,-9.55942e-005,0,0,0.362623,5.0001,0,0,
0.0544,0.118877,-9.55942e-005,0,0,0.363123,5.0001,0,0,
0.0545,0.118877,-9.55942e-005,0,0,0.363623,5.0001,0,0,
0.0546,0.118877,-9.55942e-005,0,0,0.364123,5.0001,0,0,
0.0547,0.118877,-9.55942e-005,0,0,0.364623,5.0001,0,0,
0.0548,0.118877,-9.55942e-005,0,0,0.365123,5.0001,0,0,
0.0549,0.118877,-9.55942e-005,0,0,0.365623,5.0001,0,0,
0.055,0.118877,-9.55942e-005,0,0,0.366123,5.0001,0,0,
0.0551,0.118877,-9.55942e-005,0,0,0.366623,5.0001,0,0,
0.0552,0.118877,-9.55942e-005,0,0,0.367123,5.0001,0,0,
0.0553,0.118877,-9.55942e-005,0,0,0.367623,5.0001,0,0,
0.0554,0.118877,-9.55942e-005,0,0,0.368123,5.0001,0,0,
0.0555,0.118877,-9.55942e-005,0,0,0.368623,5.0001,0,0,
0.0556,0.118877,-9.55942e-005,0,0,0.369123,5.0001,0,0,
0.0557,0.118877,-9.55942e-005,0,0,0.369623,5.0001,0,0,
0.0558,0.118877,-9.55942e-005,0,0,0.370123,5.0001,0,0,
0.0559,0.118877,-9.55942e-005,0,0,0.370623,5.0001,0,0,
0.056,0.118877,-9.55942e-005,0,0,0.371123,5.0001,0,0,
0.0561,0.118877,-9.55942e-005,0,0,0.371623,5.0001,0,0,
0.0562,0.118877,-9.55942e-005,0,0,0.372123,5.0001,0,0,
0.0563,0.118877,-9.55942e-005,0,0,0.372623,5.0001,0,0,
0.0564,0.118877,-9.55942e-005,0,0,0.373123,5.0001,0,0,
0.0565,0.118877,-9.55942e-005,0,0,0.373623,5.0001,0,0,
0.0566,0.118877,-9.55942e-005,0,0,0.374123,5.0001,0,0,
0.0567,0.118877,-9.55942e-005,0,0,0.374623,5.0001,0,0,
0.0568,0.118877,-9.55942e-005,0,0,0.375123,5.0001,0,0,
0.0569,0.118877,-9.55942e-005,0,0,0.375623,5.0001,0,0,
0.057,0.118877,-9.55942e-005,0,0,0.376123,5.0001,0,0,
0.0571,0.118877,-9.55942e-005,0,0,0.376623,5.0001,0,0,
0.0572,0.118877,-9.55942e-005,0,0,0.377123,5.0001,0,0,
0.0573,0.118877,-9.55942e-005,0,0,0.377623,5.0001,0,0,
0.0574,0.118877,-9.55942e-005,0,0,0.378123,5.0001,0,0,
0.0575,0.118877,-9.55942e-005,0,0,0.378623,5.0001,0,0,
0.0576,0.118877,-9.55942e-005,0,0,0.379123,5.0001,0,0,
0.0577,0.118877,-9.55942e-005,0,0,0.379623,5.0001,0,0,
0.0578,0.118877,-9.55942e-005,0,0,0.380123,5.0001,0,0,
0.0579,0.118877,-9.55942e-005,0,0,0.380623,5.0001,0,0,
0.058,0.118877,-9.55942e-005,0,0,0.381123,5.0001,0,0,
0.0581,0.118877,-9.55942e-005,0,0,0.381623,5.0001,0,0,
0.0582,0.118877,-9.55942e-005,0,0,0.382123,5.0001,0,0,
0.0583,0.118877,-9.55942e-005,0,0,0.382623,5.0001,0,0,
0.0584,0.118877,-9.55942e-005,0,0,0.383123,5.0001,0,0,
0.0585,0.118877,-9.55942e-005,0,0,0.383623,5.0001,0,0,
0.0586,0.118877,-9.55942e-005,0,0,0.384123,5.0001,0,0,
0.0587,0.118877,-9.55942e-005,0,0,0.384623,5.0001,0,0,
0.0588,0.118877,-9.55942e-005,0,0,0.385123,5.0001,0,0,
0.0589,0.118877,-9.55942e-005,0,0,0.385623,5.0001,0,0,
0.059,0.118877,-9.55942e-005,0,0,0.386123,5.0001,0,0,
0.0591,0.118877,-9.55942e-005,0,0,0.386623,5.0001,0,0,
0.0592,0.118877,-9.55942e-005,0,0,0.387123,5.0001,0,0,
0.0593,0.118877,-9.55942e-005,0,0,0.387623,5.0001,0,0,
0.0594,0.118877,-9.55942e-005,0,0,0.388123,5.0001,0,0,
0.0595,0.118877,-9.55942e-005,0,0,0.388623,5.0001,0,0,
0.0596,0.118877,-9.55942e-005,0,0,0.389123,5.0001,0,0,
0.0597,0.118877,-9.55942e-005,0,0,0.389623,5.0001,0,0,
0.0598,0.118877,-9.55942e-005,0,0,0.390123,5.0001,0,0,
0.0599,0.118877,-9.55942e-005,0,0,0.390623,5.0001,0,0,
0.06,0.118877,-9.55942e-005,0,0,0.391123,5.0001,0,0,
0.0601,0.118877,-9.55942e-005,0,0,0.391623,5.0001,0,0,
0.0602,0.118877,-9.55942e-005,0,0,0.392123,5.0001,0,0,
0.0603,0.118877,-9.55942e-005,0,0,0.392623,5.0001,0,0,
0.0604,0.118877,-9.55942e-005,0,0,0.393123,5.0001,0,0,
0.0605,0.118877,-9.55942e-005,0,0,0.393623,5.0001,0,0,
0.0606,0.118877,-9.55942e-005,0,0,0.394123,5.0001,0,0,
0.0607,0.118877,-9.55942e-005,0,0,0.394623,5.0001,0,0,
0.0608,0.118877,-9.55942e-005,0,0,0.395123,5.0001,0,0,
0.0609,0.118877,-9.55942e-005,0,0,0.395623,5.0001,0,0,
0.061,0.118877,-9.55942e-005,0,0,0.396123,5.0001,0,0,
0.0611,0.118877,-9.55942e-005,0,0,0.396623,5.0001,0,0,
0.0612,0.118877,-9.55942e-005,0,0,0.397123,5.0001,0,0,
0.0613,0.118877,-9.55942e-005,0,0,0.397623,5.0001,0,0,
0.0614,0.118877,-9.55942e-005,0,0,0.398123,5.0001,0,0,
0.0615,0.118877,-9.55942e-005,0,0,0.398623,5.0001,0,0,
0.0616,0.118877,-9.55942e-005,0,0,0.399123,5.0001,0,0,
0.0617,0.118877,-9.55942e-005,0,0,0.399623,5.0001,0,0,
0.0618,0.118877,-9.55942e-005,0,0,0.400123,5.0001,0,0,
0.0619,0.118877,-9.55942e-005,0,0,0.400623,5.0001,0,0,
0.062,0.118877,-9.55942e-005,0,0,0.401123,5.0001,0,0,
0.0621,0.118877,-9.55942e-005,0,0,0.401623,5.0001,0,0,
0.0622,0.118877,-9.55942e-005,0,0,0.402123,5.0001,0,0,
0.0623,0.118876,-9.55942e-005,0,0,0.402624,5.0001,0,0,
0.0624,0.118876,-9.55942e-005,0,0,0.403124,5.0001,0,0,
0.0625,0.118876,-9.55942e-005,0,0,0.403624,5.0001,0,0,
0.0626,0.118876,-9.55942e-005,0,0,0.404124,5.0001,0,0,
0.0627,0.118876,-9.55942e-005,0,0,0.404624,5.0001,0,0,
0.0628,0.118876,-9.55942e-005,0,0,0.405124,5.0001,0,0,
0.0629,0.118876,-9.55942e-005,0,0,0.405624,5.0001,0,0,
0.063,0.118876,-9.55942e-005,0,0,0.406124,5.0001,0,0,
0.0631,0.118876,-9.55942e-005,0,0,0.406624,5.0001,0,0,
0.0632,0.118876,-9.55942e-005,0,0,0.407124,5.0001,0,0,
0.0633,0.118876,-9.55942e-005,0,0,0.407624,5.0001,0,0,
0.0634,0.118876,-9.55942e-005,0,0,0.408124,5.0001,0,0,
0.0635,0.118876,-9.55942e-005,0,0,0.408624,5.0001,0,0,
0.0636,0.118876,-9.55942e-005,0,0,0.409124,5.0001,0,0,
0.0637,0.118876,-9.55942e-005,0,0,0.409624,5.0001,0,0,
0.0638,0.118876,-9.55942e-005,0,0,0.410124,5.0001,0,0,
0.0639,0.118876,-9.55942e-005,0,0,0.410624,5.0001,0,0,
0.064,0.118876,-9.55942e-005,0,0,0.411124,5.0001,0,0,
0.0641,0.118876,-9.55942e-005,0,0,0.411624,5.0001,0,0,
0.0642,0.118876,-9.55942e-005,0,0,0.412124,5.0001,0,0,
0.0643,0.118876,-9.55942e-005,0,0,0.412624,5.0001,0,0,
0.0644,0.118876,-9.55942e-005,0,0,0.413124,5.0001,0,0,
0.0645,0.118876,-9.55942e-005,0,0,0.413624,5.0001,0,0,
0.0646,0.118876,-9.55942e-005,0,0,0.414124,5.0001,0,0,
0.0647,0.118876,-9.55942e-005,0,0,0.414624,5.0001,0,0,
0.0648,0.118876,-9.55942e-005,0,0,0.415124,5.0001,0,0,
0.0649,0.118876,-9.55942e-005,0,0,0.415624,5.0001,0,0,
0.065,0.118876,-9.55942e-005,0,0,0.416124,5.0001,0,0,
0.0651,0.118876,-9.55942e-005,0,0,0.416624,5.0001,0,0,
0.0652,0.118876,-9.55942e-005,0,0,0.417124,5.0001,0,0,
0.0653,0.118876,-9.55942e-005,0,0,0.417624,5.0001,0,0,
0.0654,0.118876,-9.55942e-005,0,0,0.418124,5.0001,0,0,
0.0655,0.118876,-9.55942e-005,0,0,0.418624,5.0001,0,0,
0.0656,0.118876,-9.55942e-005,0,0,0.419124,5.0001,0,0,
0.0657,0.118876,-9.55942e-005,0,0,0.419624,5.0001,0,0,
0.0658,0.118876,-9.55942e-005,0,0,0.420124,5.0001,0,0,
0.0659,0.118876,-9.55942e-005,0,0,0.420624,5.0001,0,0,
0.066,0.118876,-9.55942e-005,0,0,0.421124,5.0001,0,0,
0.0661,0.118876,-9.55942e-005,0,0,0.421624,5.0001,0,0,
0.0662,0.118876,-9.55942e-005,0,0,0.422124,5.0001,0,0,
0.0663,0.118876,-9.55942e-005,0,0,0.422624,5.0001,0,0,
0.0664,0.118876,-9.55942e-005,0,0,0.423124,5.0001,0,0,
0.0665,0.118876,-9.55942e-005,0,0,0.423624,5.0001,0,0,
0.0666,0.118876,-9.55942e-005,0,0,0.424124,5.0001,0,0,
0.0667,0.118876,-9.55942e-005,0,0,0.424624,5.0001,0,0,
0.0668,0.118876,-9.55942e-005,0,0,0.425124,5.0001,0,0,
0.0669,0.118876,-9.55942e-005,0,0,0.425624,5.0001,0,0,
0.067,0.118876,-9.55942e-005,0,0,0.426124,5.0001,0,0,
0.0671,0.118876,-9.55942e-005,0,0,0.426624,5.0001,0,0,
0.0672,0.118876,-9.55942e-005,0,0,0.427124,5.0001,0,0,
0.0673,0.118876,-9.55942e-005,0,0,0.427624,5.0001,0,0,
0.0674,0.118876,-9.55942e-005,0,0,0.428124,5.0001,0,0,
0.0675,0.118876,-9.55942e-005,0,0,0.428624,5.0001,0,0,
0.0676,0.118876,-9.55942e-005,0,0,0.429124,5.0001,0,0,
0.0677,0.118876,-9.55942e-005,0,0,0.429624,5.0001,0,0,
0.0678,0.118876,-9.55942e-005,0,0,0.430124,5.0001,0,0,
0.0679,0.118876,-9.55942e-005,0,0,0.430624,5.0001,0,0,
0.068,0.118876,-9.55942e-005,0,0,0.431124,5.0001,0,0,
0.0681,0.118876,-9.55942e-005,0,0,0.431624,5.0001,0,0,
0.0682,0.118876,-9.55942e-005,0,0,0.432124,5.0001,0,0,
0.0683,0.118876,-9.55942e-005,0,0,0.432624,5.0001,0,0,
0.0684,0.118876,-9.55942e-005,0,0,0.433124,5.0001,0,0,
0.0685,0.118876,-9.55942e-005,0,0,0.433624,5.0001,0,0,
0.0686,0.118876,-9.55942e-005,0,0,0.434124,5.0001,0,0,
0.0687,0.118876,-9.55942e-005,0,0,0.434624,5.0001,0,0,
0.0688,0.118876,-9.55942e-005,0,0,0.435124,5.0001,0,0,
0.0689,0.118876,-9.55942e-005,0,0,0.435624,5.0001,0,0,
0.069,0.118876,-9.55942e-005,0,0,0.436124,5.0001,0,0,
0.0691,0.118876,-9.55942e-005,0,0,0.436624,5.0001,0,0,
0.0692,0.118876,-9.55942e-005,0,0,0.437124,5.0001,0,0,
0.0693,0.118876,-9.55942e-005,0,0,0.437624,5.0001,0,0,
0.0694,0.118876,-9.55942e-005,0,0,0.438124,5.0001,0,0,
0.0695,0.118876,-9.55942e-005,0,0,0.438624,5.0001,0,0,
0.0696,0.118876,-9.55942e-005,0,0,0.439124,5.0001,0,0,
0.0697,0.118876,-9.55942e-005,0,0,0.439624,5.0001,0,0,
0.0698,0.118876,-9.55942e-005,0,0,0.440124,5.0001,0,0,
0.0699,0.118876,-9.55942e-005,0,0,0.440624,5.0001,0,0,
0.07,0.118876,-9.55942e-005,0,0,0.441124,5.0001,0,0,
0.0701,0.118876,-9.55942e-005,0,0,0.441624,5.0001,0,0,
0.0702,0.118876,-9.55942e-005,0,0,0.442124,5.0001,0,0,
0.0703,0.118876,-9.55942e-005,0,0,0.442624,5.0001,0,0,
0.0704,0.118876,-9.55942e-005,0,0,0.443124,5.0001,0,0,
0.0705,0.118876,-9.55942e-005,0,0,0.443624,5.0001,0,0,
0.0706,0.118876,-9.55942e-005,0,0,0.444124,5.0001,0,0,
0.0707,0.118876,-9.55942e-005,0,0,0.444624,5.0001,0,0,
0.0708,0.118876,-9.55942e-005,0,0,0.445124,5.0001,0,0,
0.0709,0.118876,-9.55942e-005,0,0,0.445624,5.0001,0,0,
0.071,0.118876,-9.55942e-005,0,0,0.446124,5.0001,0,0,
0.0711,0.118876,-9.55942e-005,0,0,0.446624,5.0001,0,0,
0.0712,0.118876,-9.55942e-005,0,0,0.447124,5.0001,0,0,
0.0713,0.118876,-9.55942e-005,0,0,0.447624,5.0001,0,0,
0.0714,0.118876,-9.55942e-005,0,0,0.448124,5.0001,0,0,
0.0715,0.118876,-9.55942e-005,0,0,0.448624,5.0001,0,0,
0.0716,0.118876,-9.55942e-005,0,0,0.449124,5.0001,0,0,
0.0717,0.118876,-9.55942e-005,0,0,0.449624,5.0001,0,0,
0.0718,0.118876,-9.55942e-005,0,0,0.450124,5.0001,0,0,
0.0719,0.118876,-9.55942e-005,0,0,0.450624,5.0001,0,0,
0.072,0.118876,-9.55942e-005,0,0,0.451124,5.0001,0,0,
0.0721,0.118876,-9.55942e-005,0,0,0.451624,5.0001,0,0,
0.0722,0.118876,-9.55942e-005,0,0,0.452124,5.0001,0,0,
0.0723,0.118876,-9.55942e-005,0,0,0.452624,5.0001,0,0,
0.0724,0.118876,-9.55942e-005,0,0,0.453124,5.0001,0,0,
0.0725,0.118876,-9.55942e-005,0,0,0.453624,5.0001,0,0,
0.0726,0.118876,-9.55942e-005,0,0,0.454124,5.0001,0,0,
0.0727,0.118876,-9.55942e-005,0,0,0.454624,5.0001,0,0,
0.0728,0.118875,-9.55942e-005,0,0,0.455125,5.0001,0,0,
0.0729,0.118875,-9.55942e-005,0,0,0.455625,5.0001,0,0,
0.073,0.118875,-9.55942e-005,0,0,0.456125,5.0001,0,0,
0.0731,0.118875,-9.55942e-005,0,0,0.456625,5.0001,0,0,
0.0732,0.118875,-9.55942e-005,0,0,0.457125,5.0001,0,0,
0.0733,0.118875,-9.55942e-005,0,0,0.457625,5.0001,0,0,
0.0734,0.118875,-9.55942e-005,0,0,0.458125,5.0001,0,0,
0.0735,0.118875,-9.55942e-005,0,0,0.458625,5.0001,0,0,
0.0736,0.118875,-9.55942e-005,0,0,0.459125,5.0001,0,0,
0.0737,0.118875,-9.55942e-005,0,0,0.459625,5.0001,0,0,
0.0738,0.118875,-9.55942e-005,0,0,0.460125,5.0001,0,0,
0.0739,0.118875,-9.55942e-005,0,0,0.460625,5.0001,0,0,
0.074,0.118875,-9.55942e-005,0,0,0.461125,5.0001,0,0,
0.0741,0.118875,-9.55942e-005,0,0,0.461625,5.0001,0,0,
0.0742,0.118875,-9.55942e-005,0,0,0.462125,5.0001,0,0,
0.0743,0.118875,-9.55942e-005,0,0,0.462625,5.0001,0,0,
0.0744,0.118875,-9.55942e-005,0,0,0.463125,5.0001,0,0,
0.0745,0.118875,-9.55942e-005,0,0,0.463625,5.0001,0,0,
0.0746,0.118875,-9.55942e-005,0,0,0.464125,5.0001,0,0,
0.0747,0.118875,-9.55942e-005,0,0,0.464625,5.0001,0,0,
0.0748,0.118875,-9.55942e-005,0,0,0.465125,5.0001,0,0,
0.0749,0.118875,-9.55942e-005,0,0,0.465625,5.0001,0,0,
0.075,0.118875,-9.55942e-005,0,0,0.466125,5.0001,0,0,
0.0751,0.118875,-9.55942e-005,0,0,0.466625,5.0001,0,0,
0.0752,0.118875,-9.55942e-005,0,0,0.467125,5.0001,0,0,
0.0753,0.118875,-9.55942e-005,0,0,0.467625,5.0001,0,0,
0.0754,0.118875,-9.55942e-005,0,0,0.468125,5.0001,0,0,
0.0755,0.118875,-9.55942e-005,0,0,0.468625,5.0001,0,0,
0.0756,0.118875,-9.55942e-005,0,0,0.469125,5.0001,0,0,
0.0757,0.118875,-9.55942e-005,0,0,0.469625,5.0001,0,0,
0.0758,0.118875,-9.55942e-005,0,0,0.470125,5.0001,0,0,
0.0759,0.118875,-9.55942e-005,0,0,0.470625,5.0001,0,0,
0.076,0.118875,-9.55942e-005,0,0,0.471125,5.0001,0,0,
0.0761,0.118875,-9.55942e-005,0,0,0.471625,5.0001,0,0,
0.0762,0.118875,-9.55942e-005,0,0,0.472125,5.0001,0,0,
0.0763,0.118875,-9.55942e-005,0,0,0.472625,5.0001,0,0,
0.0764,0.118875,-9.55942e-005,0,0,0.473125,5.0001,0,0,
0.0765,0.118875,-9.55942e-005,0,0,0.473625,5.0001,0,0,
0.0766,0.118875,-9.55942e-005,0,0,0.474125,5.0001,0,0,
0.0767,0.118875,-9.55942e-005,0,0,0.474625,5.0001,0,0,
0.0768,0.118875,-9.55942e-005,0,0,0.475125,5.0001,0,0,
0.0769,0.118875,-9.55942e-005,0,0,0.475625,5.0001,0,0,
0.077,0.118875,-9.55942e-005,0,0,0.476125,5.0001,0,0,
0.0771,0.118875,-9.55942e-005,0,0,0.476625,5.0001,0,0,
0.0772,0.118875,-9.55942e-005,0,0,0.477125,5.0001,0,0,
0.0773,0.118875,-9.55942e-005,0,0,0.477625,5.0001,0,0,
0.0774,0.118875,-9.55942e-005,0,0,0.478125,5.0001,0,0,
0.0775,0.118875,-9.55942e-005,0,0,0.478625,5.0001,0,0,
0.0776,0.118875,-9.55942e-005,0,0,0.479125,5.0001,0,0,
0.0777,0.118875,-9.55942e-005,0,0,0.479625,5.0001,0,0,
0.0778,0.118875,-9.55942e-005,0,0,0.480125,5.0001,0,0,
0.0779,0.118875,-9.55942e-005,0,0,0.480625,5.0001,0,0,
0.078,0.118875,-9.55942e-005,0,0,0.481125,5.0001,0,0,
0.0781,0.118875,-9.55942e-005,0,0,0.481625,5.0001,0,0,
0.0782,0.118875,-9.55942e-005,0,0,0.482125,5.0001,0,0,
0.0783,0.118875,-9.55942e-005,0,0,0.482625,5.0001,0,0,
0.0784,0.118875,-9.55942e-005,0,0,0.483125,5.0001,0,0,
0.0785,0.118875,-9.55942e-005,0,0,0.483625,5.0001,0,0,
0.0786,0.118875,-9.55942e-005,0,0,0.484125,5.0001,0,0,
0.0787,0.118875,-9.55942e-005,0,0,0.484625,5.0001,0,0,
0.0788,0.118875,-9.55942e-005,0,0,0.485125,5.0001,0,0,
0.0789,0.118875,-9.55942e-005,0,0,0.485625,5.0001,0,0,
0.079,0.118875,-9.55942e-005,0,0,0.486125,5.0001,0,0,
0.0791,0.118875,-9.55942e-005,0,0,0.486625,5.0001,0,0,
0.0792,0.118875,-9.55942e-005,0,0,0.487125,5.0001,0,0,
0.0793,0.118875,-9.55942e-005,0,0,0.487625,5.0001,0,0,
0.0794,0.118875,-9.55942e-005,0,0,0.488125,5.0001,0,0,
0.0795,0.118875,-9.55942e-005,0,0,0.488625,5.0001,0,0,
0.0796,0.118875,-9.55942e-005,0,0,0.489125,5.0001,0,0,
0.0797,0.118875,-9.55942e-005,0,0,0.489625,5.0001,0,0,
0.0798,0.118875,-9.55942e-005,0,0,0.490125,5.0001,0,0,
0.0799,0.118875,-9.55942e-005,0,0,0.490625,5.0001,0,0,
0.08,0.118875,-9.55942e-005,0,0,0.491125,5.0001,0,0,
0.0801,0.118875,-9.55942e-005,0,0,0.491625,5.0001,0,0,
0.0802,0.118875,-9.55942e-005,0,0,0.492125,5.0001,0,0,
0.0803,0.118875,-9.55942e-005,0,0,0.492625,5.0001,0,0,
0.0804,0.118875,-9.55942e-005,0,0,0.493125,5.0001,0,0,
0.0805,0.118875,-9.55942e-005,0,0,0.493625,5.0001,0,0,
0.0806,0.118875,-9.55942e-005,0,0,0.494125,5.0001,0,0,
0.0807,0.118875,-9.55942e-005,0,0,0.494625,5.0001,0,0,
0.0808,0.118875,-9.55942e-005,0,0,0.495125,5.0001,0,0,
0.0809,0.118875,-9.55942e-005,0,0,0.495625,5.0001,0,0,
0.081,0.118875,-9.55942e-005,0,0,0.496125,5.0001,0,0,
0.0811,0.118875,-9.55942e-005,0,0,0.496625,5.0001,0,0,
0.0812,0.118875,-9.55942e-005,0,0,0.497125,5.0001,0,0,
0.0813,0.118875,-9.55942e-005,0,0,0.497625,5.0001,0,0,
0.0814,0.118875,-9.55942e-005,0,0,0.498125,5.0001,0,0,
0.0815,0.118875,-9.55942e-005,0,0,0.498625,5.0001,0,0,
0.0816,0.118875,-9.55942e-005,0,0,0.499125,5.0001,0,0,
0.0817,0.118875,-9.55942e-005,0,0,0.499625,5.0001,0,0,
0.0818,0.118875,-9.55942e-005,0,0,0.500125,5.0001,0,0,
0.0819,0.118875,-9.55942e-005,0,0,0.500625,5.0001,0,0,
0.082,0.118875,-9.55942e-005,0,0,0.501125,5.0001,0,0,
0.0821,0.118875,-9.55942e-005,0,0,0.501625,5.0001,0,0,
0.0822,0.118875,-9.55942e-005,0,0,0.502125,5.0001,0,0,
0.0823,0.118875,-9.55942e-005,0,0,0.502625,5.0001,0,0,
0.0824,0.118875,-9.55942e-005,0,0,0.503125,5.0001,0,0,
0.0825,0.118875,-9.55942e-005,0,0,0.503625,5.0001,0,0,
0.0826,0.118875,-9.55942e-005,0,0,0.504125,5.0001,0,0,
0.0827,0.118875,-9.55942e-005,0,0,0.504625,5.0001,0,0,
0.0828,0.118875,-9.55942e-005,0,0,0.505125,5.0001,0,0,
0.0829,0.118875,-9.55942e-005,0,0,0.505625,5.0001,0,0,
0.083,0.118875,-9.55942e-005,0,0,0.506125,5.0001,0,0,
0.0831,0.118875,-9.55942e-005,0,0,0.506625,5.0001,0,0,
0.0832,0.118874,-9.55942e-005,0,0,0.507126,5.0001,0,0,
0.0833,0.118874,-9.55942e-005,0,0,0.507626,5.0001,0,0,
0.0834,0.118874,-9.55942e-005,0,0,0.508126,5.0001,0,0,
0.0835,0.118874,-9.55942e-005,0,0,0.508626,5.0001,0,0,
0.0836,0.118874,-9.55942e-005,0,0,0.509126,5.0001,0,0,
0.0837,0.118874,-9.55942e-005,0,0,0.509626,5.0001,0,0,
0.0838,0.118874,-9.55942e-005,0,0,0.510126,5.0001,0,0,
0.0839,0.118874,-9.55942e-005,0,0,0.510626,5.0001,0,0,
0.084,0.118874,-9.55942e-005,0,0,0.511126,5.0001,0,0,
0.0841,0.118874,-9.55942e-005,0,0,0.511626,5.0001,0,0,
0.0842,0.118874,-9.55942e-005,0,0,0.512126,5.0001,0,0,
0.0843,0.118874,-9.55942e-005,0,0,0.512626,5.0001,0,0,
0.0844,0.118874,-9.55942e-005,0,0,0.513126,5.0001,0,0,
0.0845,0.118874,-9.55942e-005,0,0,0.513626,5.0001,0,0,
0.0846,0.118874,-9.55942e-005,0,0,0.514126,5.0001,0,0,
0.0847,0.118874,-9.55942e-005,0,0,0.514626,5.0001,0,0,
0.0848,0.118874,-9.55942e-005,0,0,0.515126,5.0001,0,0,
0.0849,0.118874,-9.55942e-005,0,0,0.515626,5.0001,0,0,
0.085,0.118874,-9.55942e-005,0,0,0.516126,5.0001,0,0,
0.0851,0.118874,-9.55942e-005,0,0,0.516626,5.0001,0,0,
0.0852,0.118874,-9.55942e-005,0,0,0.517126,5.0001,0,0,
0.0853,0.118874,-9.55942e-005,0,0,0.517626,5.0001,0,0,
0.0854,0.118874,-9.55942e-005,0,0,0.518126,5.0001,0,0,
0.0855,0.118874,-9.55942e-005,0,0,0.518626,5.0001,0,0,
0.0856,0.118874,-9.55942e-005,0,0,0.519126,5.0001,0,0,
0.0857,0.118874,-9.55942e-005,0,0,0.519626,5.0001,0,0,
0.0858,0.118874,-9.55942e-005,0,0,0.520126,5.0001,0,0,
0.0859,0.118874,-9.55942e-005,0,0,0.520626,5.0001,0,0,
0.086,0.118874,-9.55942e-005,0,0,0.521126,5.0001,0,0,
0.0861,0.118874,-9.55942e-005,0,0,0.521626,5.0001,0,0,
0.0862,0.118874,-9.55942e-005,0,0,0.522126,5.0001,0,0,
0.0863,0.118874,-9.55942e-005,0,0,0.522626,5.0001,0,0,
0.0864,0.118874,-9.55942e-005,0,0,0.523126,5.0001,0,0,
0.0865,0.118874,-9.55942e-005,0,0,0.523626,5.0001,0,0,
0.0866,0.118874,-9.55942e-005,0,0,0.524126,5.0001,0,0,
0.0867,0.118874,-9.55942e-005,0,0,0.524626,5.0001,0,0,
0.0868,0.118874,-9.55942e-005,0,0,0.525126,5.0001,0,0,
0.0869,0.118874,-9.55942e-005,0,0,0.525626,5.0001,0,0,
0.087,0.118874,-9.55942e-005,0,0,0.526126,5.0001,0,0,
0.0871,0.118874,-9.55942e-005,0,0,0.526626,5.0001,0,0,
0.0872,0.118874,-9.55942e-005,0,0,0.527126,5.0001,0,0,
0.0873,0.118874,-9.55942e-005,0,0,0.527626,5.0001,0,0,
0.0874,0.118874,-9.55942e-005,0,0,0.528126,5.0001,0,0,
0.0875,0.118874,-9.55942e-005,0,0,0.528626,5.0001,0,0,
0.0876,0.118874,-9.55942e-005,0,0,0.529126,5.0001,0,0,
0.0877,0.118874,-9.55942e-005,0,0,0.529626,5.0001,0,0,
0.0878,0.118874,-9.55942e-005,0,0,0.530126,5.0001,0,0,
0.0879,0.118874,-9.55942e-005,0,0,0.530626,5.0001,0,0,
0.088,0.118874,-9.55942e-005,0,0,0.531126,5.0001,0,0,
0.0881,0.118874,-9.55942e-005,0,0,0.531626,5.0001,0,0,
0.0882,0.118874,-9.55942e-005,0,0,0.532126,5.0001,0,0,
0.0883,0.118874,-9.55942e-005,0,0,0.532626,5.0001,0,0,
0.0884,0.118874,-9.55942e-005,0,0,0.533126,5.0001,0,0,
0.0885,0.118874,-9.55942e-005,0,0,0.533626,5.0001,0,0,
0.0886,0.118874,-9.55942e-005,0,0,0.534126,5.0001,0,0,
0.0887,0.118874,-9.55942e-005,0,0,0.534626,5.0001,0,0,
0.0888,0.118874,-9.55942e-005,0,0,0.535126,5.0001,0,0,
0.0889,0.118874,-9.55942e-005,0,0,0.535626,5.0001,0,0,
0.089,0.118874,-9.55942e-005,0,0,0.536126,5.0001,0,0,
0.0891,0.118874,-9.55942e-005,0,0,0.536626,5.0001,0,0,
0.0892,0.118874,-9.55942e-005,0,0,0.537126,5.0001,0,0,
0.0893,0.118874,-9.55942e-005,0,0,0.537626,5.0001,0,0,
0.0894,0.118874,-9.55942e-005,0,0,0.538126,5.0001,0,0,
0.0895,0.118874,-9.55942e-005,0,0,0.538626,5.0001,0,0,
0.0896,0.118874,-9.55942e-005,0,0,0.539126,5.0001,0,0,
0.0897,0.118874,-9.55942e-005,0,0,0.539626,5.0001,0,0,
0.0898,0.118874,-9.55942e-005,0,0,0.540126,5.0001,0,0,
0.0899,0.118874,-9.55942e-005,0,0,0.540626,5.0001,0,0,
0.09,0.118874,-9.55942e-005,0,0,0.541126,5.0001,0,0,
0.0901,0.118874,-9.55942e-005,0,0,0.541626,5.0001,0,0,
0.0902,0.118874,-9.55942e-005,0,0,0.542126,5.0001,0,0,
0.0903,0.118874,-9.55942e-005,0,0,0.542626,5.0001,0,0,
0.0904,0.118874,-9.55942e-005,0,0,0.543126,5.0001,0,0,
0.0905,0.118874,-9.55942e-005,0,0,0.543626,5.0001,0,0,
0.0906,0.118874,-9.55942e-005,0,0,0.544126,5.0001,0,0,
0.0907,0.118874,-9.55942e-005,0,0,0.544626,5.0001,0,0,
0.0908,0.118874,-9.55942e-005,0,0,0.545126,5.0001,0,0,
0.0909,0.118874,-9.55942e-005,0,0,0.545626,5.0001,0,0,
0.091,0.118874,-9.55942e-005,0,0,0.546126,5.0001,0,0,
0.0911,0.118874,-9.55942e-005,0,0,0.546626,5.0001,0,0,
0.0912,0.118874,-9.55942e-005,0,0,0.547126,5.0001,0,0,
0.0913,0.118874,-9.55942e-005,0,0,0.547626,5.0001,0,0,
0.0914,0.118874,-9.55942e-005,0,0,0.548126,5.0001,0,0,
0.0915,0.118874,-9.55942e-005,0,0,0.548626,5.0001,0,0,
0.0916,0.118874,-9.55942e-005,0,0,0.549126,5.0001,0,0,
0.0917,0.118874,-9.55942e-005,0,0,0.549626,5.0001,0,0,
0.0918,0.118874,-9.55942e-005,0,0,0.550126,5.0001,0,0,
0.0919,0.118874,-9.55942e-005,0,0,0.550626,5.0001,0,0,
0.092,0.118874,-9.55942e-005,0,0,0.551126,5.0001,0,0,
0.0921,0.118874,-9.55942e-005,0,0,0.551626,5.0001,0,0,
0.0922,0.118874,-9.55942e-005,0,0,0.552126,5.0001,0,0,
0.0923,0.118874,-9.55942e-005,0,0,0.552626,5.0001,0,0,
0.0924,0.118874,-9.55942e-005,0,0,0.553126,5.0001,0,0,
0.0925,0.118874,-9.55942e-005,0,0,0.553626,5.0001,0,0,
0.0926,0.118874,-9.55942e-005,0,0,0.554126,5.0001,0,0,
0.0927,0.118874,-9.55942e-005,0,0,0.554626,5.0001,0,0,
0.0928,0.118874,-9.55942e-005,0,0,0.555126,5.0001,0,0,
0.0929,0.118874,-9.55942e-005,0,0,0.555626,5.0001,0,0,
0.093,0.118874,-9.55942e-005,0,0,0.556126,5.0001,0,0,
0.0931,0.118874,-9.55942e-005,0,0,0.556626,5.0001,0,0,
0.0932,0.118874,-9.55942e-005,0,0,0.557126,5.0001,0,0,
0.0933,0.118874,-9.55942e-005,0,0,0.557626,5.0001,0,0,
0.0934,0.118874,-9.55942e-005,0,0,0.558126,5.0001,0,0,
0.0935,0.118874,-9.55942e-005,0,0,0.558626,5.0001,0,0,
0.0936,0.118874,-9.55942e-005,0,0,0.559126,5.0001,0,0,
0.0937,0.118873,-9.55942e-005,0,0,0.559627,5.0001,0,0,
0.0938,0.118873,-9.55942e-005,0,0,0.560127,5.0001,0,0,
0.0939,0.118873,-9.55942e-005,0,0,0.560627,5.0001,0,0,
0.094,0.118873,-9.55942e-005,0,0,0.561127,5.0001,0,0,
0.0941,0.118873,-9.55942e-005,0,0,0.561627,5.0001,0,0,
0.0942,0.118873,-9.55942e-005,0,0,0.562127,5.0001,0,0,
0.0943,0.118873,-9.55942e-005,0,0,0.562627,5.0001,0,0,
0.0944,0.118873,-9.55942e-005,0,0,0.563127,5.0001,0,0,
0.0945,0.118873,-9.55942e-005,0,0,0.563627,5.0001,0,0,
0.0946,0.118873,-9.55942e-005,0,0,0.564127,5.0001,0,0,
0.0947,0.118873,-9.55942e-005,0,0,0.564627,5.0001,0,0,
0.0948,0.118873,-9.55942e-005,0,0,0.565127,5.0001,0,0,
0.0949,0.118873,-9.55942e-005,0,0,0.565627,5.0001,0,0,
0.095,0.118873,-9.55942e-005,0,0,0.566127,5.0001,0,0,
0.0951,0.118873,-9.55942e-005,0,0,0.566627,5.0001,0,0,
0.0952,0.118873,-9.55942e-005,0,0,0.567127,5.0001,0,0,
0.0953,0.118873,-9.55942e-005,0,0,0.567627,5.0001,0,0,
0.0954,0.118873,-9.55942e-005,0,0,0.568127,5.0001,0,0,
0.0955,0.118873,-9.55942e-005,0,0,0.568627,5.0001,0,0,
0.0956,0.118873,-9.55942e-005,0,0,0.569127,5.0001,0,0,
0.0957,0.118873,-9.55942e-005,0,0,0.569627,5.0001,0,0,
0.0958,0.118873,-9.55942e-005,0,0,0.570127,5.0001,0,0,
0.0959,0.118873,-9.55942e-005,0,0,0.570627,5.0001,0,0,
0.096,0.118873,-9.55942e-005,0,0,0.571127,5.0001,0,0,
0.0961,0.118873,-9.55942e-005,0,0,0.571627,5.0001,0,0,
0.0962,0.118873,-9.55942e-005,0,0,0.572127,5.0001,0,0,
0.0963,0.118873,-9.55942e-005,0,0,0.572627,5.0001,0,0,
0.0964,0.118873,-9.55942e-005,0,0,0.573127,5.0001,0,0,
0.0965,0.118873,-9.55942e-005,0,0,0.573627,5.0001,0,0,
0.0966,0.118873,-9.55942e-005,0,0,0.574127,5.0001,0,0,
0.0967,0.118873,-9.55942e-005,0,0,0.574627,5.0001,0,0,
0.0968,0.118873,-9.55942e-005,0,0,0.575127,5.0001,0,0,
0.0969,0.118873,-9.55942e-005,0,0,0.575627,5.0001,0,0,
0.097,0.118873,-9.55942e-005,0,0,0.576127,5.0001,0,0,
0.0971,0.118873,-9.55942e-005,0,0,0.576627,5.0001,0,0,
0.0972,0.118873,-9.55942e-005,0,0,0.577127,5.0001,0,0,
0.0973,0.118873,-9.55942e-005,0,0,0.577627,5.0001,0,0,
0.0974,0.118873,-9.55942e-005,0,0,0.578127,5.0001,0,0,
0.0975,0.118873,-9.55942e-005,0,0,0.578627,5.0001,0,0,
0.0976,0.118873,-9.55942e-005,0,0,0.579127,5.0001,0,0,
0.0977,0.118873,-9.55942e-005,0,0,0.579627,5.0001,0,0,
0.0978,0.118873,-9.55942e-005,0,0,0.580127,5.0001,0,0,
0.0979,0.118873,-9.55942e-005,0,0,0.580627,5.0001,0,0,
0.098,0.118873,-9.55942e-005,0,0,0.581127,5.0001,0,0,
0.0981,0.118873,-9.55942e-005,0,0,0.581627,5.0001,0,0,
0.0982,0.118873,-9.55942e-005,0,0,0.582127,5.0001,0,0,
0.0983,0.118873,-9.55942e-005,0,0,0.582627,5.0001,0,0,
0.0984,0.118873,-9.55942e-005,0,0,0.583127,5.0001,0,0,
0.0985,0.118873,-9.55942e-005,0,0,0.583627,5.0001,0,0,
0.0986,0.118873,-9.55942e-005,0,0,0.584127,5.0001,0,0,
0.0987,0.118873,-9.55942e-005,0,0,0.584627,5.0001,0,0,
0.0988,0.118873,-9.55942e-005,0,0,0.585127,5.0001,0,0,
0.0989,0.118873,-9.55942e-005,0,0,0.585627,5.0001,0,0,
0.099,0.118873,-9.55942e-005,0,0,0.586127,5.0001,0,0,
0.0991,0.118873,-9.55942e-005,0,0,0.586627,5.0001,0,0,
0.0992,0.118873,-9.55942e-005,0,0,0.587127,5.0001,0,0,
0.0993,0.118873,-9.55942e-005,0,0,0.587627,5.0001,0,0,
0.0994,0.118873,-9.55942e-005,0,0,0.588127,5.0001,0,0,
0.0995,0.118873,-9.55942e-005,0,0,0.588627,5.0001,0,0,
0.0996,0.118873,-9.55942e-005,0,0,0.589127,5.0001,0,0,
0.0997,0.118873,-9.55942e-005,0,0,0.589627,5.0001,0,0,
0.0998,0.118873,-9.55942e-005,0,0,0.590127,5.0001,0,0,
0.0999,0.118873,-9.55942e-005,0,0,0.590627,5.0001,0,0,
0.1,0.118873,-9.55942e-005,0,0,0.591127,5.0001,0,0,
0.1001,0.118873,-9.55942e-005,0,0,0.591627,5.0001,0,0,
0.1002,0.118873,-9.55942e-005,0,0,0.592127,5.0001,0,0,
0.1003,0.118873,-9.55942e-005,0,0,0.592627,5.0001,0,0,
0.1004,0.118873,-9.55942e-005,0,0,0.593127,5.0001,0,0,
0.1005,0.118873,-9.55942e-005,0,0,0.593627,5.0001,0,0,
0.1006,0.118873,-9.55942e-005,0,0,0.594127,5.0001,0,0,
0.1007,0.118873,-9.55942e-005,0,0,0.594627,5.0001,0,0,
0.1008,0.118873,-9.55942e-005,0,0,0.595127,5.0001,0,0,
0.1009,0.118873,-9.55942e-005,0,0,0.595627,5.0001,0,0,
0.101,0.118873,-9.55942e-005,0,0,0.596127,5.0001,0,0,
0.1011,0.118873,-9.55942e-005,0,0,0.596627,5.0001,0,0,
0.1012,0.118873,-9.55942e-005,0,0,0.597127,5.0001,0,0,
0.1013,0.118873,-9.55942e-005,0,0,0.597627,5.0001,0,0,
0.1014,0.118873,-9.55942e-005,0,0,0.598127,5.0001,0,0,
0.1015,0.118873,-9.55942e-005,0,0,0.598627,5.0001,0,0,
0.1016,0.118873,-9.55942e-005,0,0,0.599127,5.0001,0,0,
0.1017,0.118873,-9.55942e-005,0,0,0.599627,5.0001,0,0,
0.1018,0.118873,-9.55942e-005,0,0,0.600127,5.0001,0,0,
0.1019,0.118873,-9.55942e-005,0,0,0.600627,5.0001,0,0,
0.102,0.118873,-9.55942e-005,0,0,0.601127,5.0001,0,0,
0.1021,0.118873,-9.55942e-005,0,0,0.601627,5.0001,0,0,
0.1022,0.118873,-9.55942e-005,0,0,0.602127,5.0001,0,0,
0.1023,0.118873,-9.55942e-005,0,0,0.602627,5.0001,0,0,
0.1024,0.118873,-9.55942e-005,0,0,0.603127,5.0001,0,0,
0.1025,0.118873,-9.55942e-005,0,0,0.603627,5.0001,0,0,
0.1026,0.118873,-9.55942e-005,0,0,0.604127,5.0001,0,0,
0.1027,0.118873,-9.55942e-005,0,0,0.604627,5.0001,0,0,
0.1028,0.118873,-9.55942e-005,0,0,0.605127,5.0001,0,0,
0.1029,0.118873,-9.55942e-005,0,0,0.605627,5.0001,0,0,
0.103,0.118873,-9.55942e-005,0,0,0.606127,5.0001,0,0,
0.1031,0.118873,-9.55942e-005,0,0,0.606627,5.0001,0,0,
0.1032,0.118873,-9.55942e-005,0,0,0.607127,5.0001,0,0,
0.1033,0.118873,-9.55942e-005,0,0,0.607627,5.0001,0,0,
0.1034,0.118873,-9.55942e-005,0,0,0.608127,5.0001,0,0,
0.1035,0.118873,-9.55942e-005,0,0,0.608627,5.0001,0,0,
0.1036,0.118873,-9.55942e-005,0,0,0.609127,5.0001,0,0,
0.1037,0.118873,-9.55942e-005,0,0,0.609627,5.0001,0,0,
0.1038,0.118873,-9.55942e-005,0,0,0.610127,5.0001,0,0,
0.1039,0.118873,-9.55942e-005,0,0,0.610627,5.0001,0,0,
0.104,0.118873,-9.55942e-005,0,0,0.611127,5.0001,0,0,
0.1041,0.118873,-9.55942e-005,0,0,0.611627,5.0001,0,0,
0.1042,0.118872,-9.55942e-005,0,0,0.612128,5.0001,0,0,
0.1043,0.118872,-9.55942e-005,0,0,0.612628,5.0001,0,0,
0.1044,0.118872,-9.55942e-005,0,0,0.613128,5.0001,0,0,
0.1045,0.118872,-9.55942e-005,0,0,0.613628,5.0001,0,0,
0.1046,0.118872,-9.55942e-005,0,0,0.614128,5.0001,0,0,
0.1047,0.118872,-9.55942e-005,0,0,0.614628,5.0001,0,0,
0.1048,0.118872,-9.55942e-005,0,0,0.615128,5.0001,0,0,
0.1049,0.118872,-9.55942e-005,0,0,0.615628,5.0001,0,0,
0.105,0.118872,-9.55942e-005,0,0,0.616128,5.0001,0,0,
0.1051,0.118872,-9.55942e-005,0,0,0.616628,5.0001,0,0,
0.1052,0.118872,-9.55942e-005,0,0,0.617128,5.0001,0,0,
0.1053,0.118872,-9.55942e-005,0,0,0.617628,5.0001,0,0,
0.1054,0.118872,-9.55942e-005,0,0,0.618128,5.0001,0,0,
0.1055,0.118872,-9.55942e-005,0,0,0.618628,5.0001,0,0,
0.1056,0.118872,-9.55942e-005,0,0,0.619128,5.0001,0,0,
0.1057,0.118872,-9.55942e-005,0,0,0.619628,5.0001,0,0,
0.1058,0.118872,-9.55942e-005,0,0,0.620128,5.0001,0,0,
0.1059,0.118872,-9.55942e-005,0,0,0.620628,5.0001,0,0,
0.106,0.118872,-9.55942e-005,0,0,0.621128,5.0001,0,0,
0.1061,0.118872,-9.55942e-005,0,0,0.621628,5.0001,0,0,
0.1062,0.118872,-9.55942e-005,0,0,0.622128,5.0001,0,0,
0.1063,0.118872,-9.55942e-005,0,0,0.622628,5.0001,0,0,
0.1064,0.118872,-9.55942e-005,0,0,0.623128,5.0001,0,0,
0.1065,0.118872,-9.55942e-005,0,0,0.623628,5.0001,0,0,
0.1066,0.118872,-9.55942e-005,0,0,0.624128,5.0001,0,0,
0.1067,0.118872,-9.55942e-005,0,0,0.624628,5.0001,0,0,
0.1068,0.118872,-9.55942e-005,0,0,0.625128,5.0001,0,0,
0.1069,0.118872,-9.55942e-005,0,0,0.625628,5.0001,0,0,
0.107,0.118872,-9.55942e-005,0,0,0.626128,5.0001,0,0,
0.1071,0.118872,-9.55942e-005,0,0,0.626628,5.0001,0,0,
0.1072,0.118872,-9.55942e-005,0,0,0.627128,5.0001,0,0,
0.1073,0.118872,-9.55942e-005,0,0,0.627628,5.0001,0,0,
0.1074,0.118872,-9.55942e-005,0,0,0.628128,5.0001,0,0,
0.1075,0.118872,-9.55942e-005,0,0,0.628628,5.0001,0,0,
0.1076,0.118872,-9.55942e-005,0,0,0.629128,5.0001,0,0,
0.1077,0.118872,-9.55942e-005,0,0,0.629628,5.0001,0,0,
0.1078,0.118872,-9.55942e-005,0,0,0.630128,5.0001,0,0,
0.1079,0.118872,-9.55942e-005,0,0,0.630628,5.0001,0,0,
0.108,0.118872,-9.55942e-005,0,0,0.631128,5.0001,0,0,
0.1081,0.118872,-9.55942e-005,0,0,0.631628,5.0001,0,0,
0.1082,0.118872,-9.55942e-005,0,0,0.632128,5.0001,0,0,
0.1083,0.118872,-9.55942e-005,0,0,0.632628,5.0001,0,0,
0.1084,0.118872,-9.55942e-005,0,0,0.633128,5.0001,0,0,
0.1085,0.118872,-9.55942e-005,0,0,0.633628,5.0001,0,0,
0.1086,0.118872,-9.55942e-005,0,0,0.634128,5.0001,0,0,
0.1087,0.118872,-9.55942e-005,0,0,0.634628,5.0001,0,0,
0.1088,0.118872,-9.55942e-005,0,0,0.635128,5.0001,0,0,
0.1089,0.118872,-9.55942e-005,0,0,0.635628,5.0001,0,0,
0.109,0.118872,-9.55942e-005,0,0,0.636128,5.0001,0,0,
0.1091,0.118872,-9.55942e-005,0,0,0.636628,5.0001,0,0,
0.1092,0.118872,-9.55942e-005,0,0,0.637128,5.0001,0,0,
0.1093,0.118872,-9.55942e-005,0,0,0.637628,5.0001,0,0,
0.1094,0.118872,-9.55942e-005,0,0,0.638128,5.0001,0,0,
0.1095,0.118872,-9.55942e-005,0,0,0.638628,5.0001,0,0,
0.1096,0.118872,-9.55942e-005,0,0,0.639128,5.0001,0,0,
0.1097,0.118872,-9.55942e-005,0,0,0.639628,5.0001,0,0,
0.1098,0.118872,-9.55942e-005,0,0,0.640128,5.0001,0,0,
0.1099,0.118872,-9.55942e-005,0,0,0.640628,5.0001,0,0,
0.11,0.118872,-9.55942e-005,0,0,0.641128,5.0001,0,0,
0.1101,0.118872,-9.55942e-005,0,0,0.641628,5.0001,0,0,
0.1102,0.118872,-9.55942e-005,0,0,0.642128,5.0001,0,0,
0.1103,0.118872,-9.55942e-005,0,0,0.642628,5.0001,0,0,
0.1104,0.118872,-9.55942e-005,0,0,0.643128,5.0001,0,0,
0.1105,0.118872,-9.55942e-005,0,0,0.643628,5.0001,0,0,
0.1106,0.118872,-9.55942e-005,0,0,0.644128,5.0001,0,0,
0.1107,0.118872,-9.55942e-005,0,0,0.644628,5.0001,0,0,
0.1108,0.118872,-9.55942e-005,0,0,0.645128,5.0001,0,0,
0.1109,0.118872,-9.55942e-005,0,0,0.645628,5.0001,0,0,
0.111,0.118872,-9.55942e-005,0,0,0.646128,5.0001,0,0,
0.1111,0.118872,-9.55942e-005,0,0,0.646628,5.0001,0,0,
0.1112,0.118872,-9.55942e-005,0,0,0.647128,5.0001,0,0,
0.1113,0.118872,-9.55942e-005,0,0,0.647628,5.0001,0,0,
0.1114,0.118872,-9.55942e-005,0,0,0.648128,5.0001,0,0,
0.1115,0.118872,-9.55942e-005,0,0,0.648628,5.0001,0,0,
0.1116,0.118872,-9.55942e-005,0,0,0.649128,5.0001,0,0,
0.1117,0.118872,-9.55942e-005,0,0,0.649628,5.0001,0,0,
0.1118,0.118872,-9.55942e-005,0,0,0.650128,5.0001,0,0,
0.1119,0.118872,-9.55942e-005,0,0,0.650628,5.0001,0,0,
0.112,0.118872,-9.55942e-005,0,0,0.651128,5.0001,0,0,
0.1121,0.118872,-9.55942e-005,0,0,0.651628,5.0001,0,0,
0.1122,0.118872,-9.55942e-005,0,0,0.652128,5.0001,0,0,
0.1123,0.118872,-9.55942e-005,0,0,0.652628,5.0001,0,0,
0.1124,0.118872,-9.55942e-005,0,0,0.653128,5.0001,0,0,
0.1125,0.118872,-9.55942e-005,0,0,0.653628,5.0001,0,0,
0.1126,0.118872,-9.55942e-005,0,0,0.654128,5.0001,0,0,
0.1127,0.118872,-9.55942e-005,0,0,0.654628,5.0001,0,0,
0.1128,0.118872,-9.55942e-005,0,0,0.655128,5.0001,0,0,
0.1129,0.118872,-9.55942e-005,0,0,0.655628,5.0001,0,0,
0.113,0.118872,-9.55942e-005,0,0,0.656128,5.0001,0,0,
0.1131,0.118872,-9.55942e-005,0,0,0.656628,5.0001,0,0,
0.1132,0.118872,-9.55942e-005,0,0,0.657128,5.0001,0,0,
0.1133,0.118872,-9.55942e-005,0,0,0.657628,5.0001,0,0,
0.1134,0.118872,-9.55942e-005,0,0,0.658128,5.0001,0,0,
0.1135,0.118872,-9.55942e-005,0,0,0.658628,5.0001,0,0,
0.1136,0.118872,-9.55942e-005,0,0,0.659128,5.0001,0,0,
0.1137,0.118872,-9.55942e-005,0,0,0.659628,5.0001,0,0,
0.1138,0.118872,-9.55942e-005,0,0,0.660128,5.0001,0,0,
0.1139,0.118872,-9.55942e-005,0,0,0.660628,5.0001,0,0,
0.114,0.118872,-9.55942e-005,0,0,0.661128,5.0001,0,0,
0.1141,0.118872,-9.55942e-005,0,0,0.661628,5.0001,0,0,
0.1142,0.118872,-9.55942e-005,0,0,0.662128,5.0001,0,0,
0.1143,0.118872,-9.55942e-005,0,0,0.662628,5.0001,0,0,
0.1144,0.118872,-9.55942e-005,0,0,0.663128,5.0001,0,0,
0.1145,0.118872,-9.55942e-005,0,0,0.663628,5.0001,0,0,
0.1146,0.118871,-9.55942e-005,0,0,0.664129,5.0001,0,0,
0.1147,0.118871,-9.55942e-005,0,0,0.664629,5.0001,0,0,
0.1148,0.118871,-9.55942e-005,0,0,0.665129,5.0001,0,0,
0.1149,0.118871,-9.55942e-005,0,0,0.665629,5.0001,0,0,
0.115,0.118871,-9.55942e-005,0,0,0.666129,5.0001,0,0,
0.1151,0.118871,-9.55942e-005,0,0,0.666629,5.0001,0,0,
0.1152,0.118871,-9.55942e-005,0,0,0.667129,5.0001,0,0,
0.1153,0.118871,-9.55942e-005,0,0,0.667629,5.0001,0,0,
0.1154,0.118871,-9.55942e-005,0,0,0.668129,5.0001,0,0,
0.1155,0.118871,-9.55942e-005,0,0,0.668629,5.0001,0,0,
0.1156,0.118871,-9.55942e-005,0,0,0.669129,5.0001,0,0,
0.1157,0.118871,-9.55942e-005,0,0,0.669629,5.0001,0,0,
0.1158,0.118871,-9.55942e-005,0,0,0.670129,5.0001,0,0,
0.1159,0.118871,-9.55942e-005,0,0,0.670629,5.0001,0,0,
0.116,0.118871,-9.55942e-005,0,0,0.671129,5.0001,0,0,
0.1161,0.118871,-9.55942e-005,0,0,0.671629,5.0001,0,0,
0.1162,0.118871,-9.55942e-005,0,0,0.672129,5.0001,0,0,
0.1163,0.118871,-9.55942e-005,0,0,0.672629,5.0001,0,0,
0.1164,0.118871,-9.55942e-005,0,0,0.673129,5.0001,0,0,
0.1165,0.118871,-9.55942e-005,0,0,0.673629,5.0001,0,0,
0.1166,0.118871,-9.55942e-005,0,0,0.674129,5.0001,0,0,
0.1167,0.118871,-9.55942e-005,0,0,0.674629,5.0001,0,0,
0.1168,0.118871,-9.55942e-005,0,0,0.675129,5.0001,0,0,
0.1169,0.118871,-9.55942e-005,0,0,0.675629,5.0001,0,0,
0.117,0.118871,-9.55942e-005,0,0,0.676129,5.0001,0,0,
0.1171,0.118871,-9.55942e-005,0,0,0.676629,5.0001,0,0,
0.1172,0.118871,-9.55942e-005,0,0,0.677129,5.0001,0,0,
0.1173,0.118871,-9.55942e-005,0,0,0.677629,5.0001,0,0,
0.1174,0.118871,-9.55942e-005,0,0,0.678129,5.0001,0,0,
0.1175,0.118871,-9.55942e-005,0,0,0.678629,5.0001,0,0,
0.1176,0.118871,-9.55942e-005,0,0,0.679129,5.0001,0,0,
0.1177,0.118871,-9.55942e-005,0,0,0.679629,5.0001,0,0,
0.1178,0.118871,-9.55942e-005,0,0,0.680129,5.0001,0,0,
0.1179,0.118871,-9.55942e-005,0,0,0.680629,5.0001,0,0,
0.118,0.118871,-9.55942e-005,0,0,0.681129,5.0001,0,0,
0.1181,0.118871,-9.55942e-005,0,0,0.681629,5.0001,0,0,
0.1182,0.118871,-9.55942e-005,0,0,0.682129,5.0001,0,0,
0.1183,0.118871,-9.55942e-005,0,0,0.682629,5.0001,0,0,
0.1184,0.118871,-9.55942e-005,0,0,0.683129,5.0001,0,0,
0.1185,0.118871,-9.55942e-005,0,0,0.683629,5.0001,0,0,
0.1186,0.118871,-9.55942e-005,0,0,0.684129,5.0001,0,0,
0.1187,0.118871,-9.55942e-005,0,0,0.684629,5.0001,0,0,
0.1188,0.118871,-9.55942e-005,0,0,0.685129,5.0001,0,0,
0.1189,0.118871,-9.55942e-005,0,0,0.685629,5.0001,0,0,
0.119,0.118871,-9.55942e-005,0,0,0.686129,5.0001,0,0,
0.1191,0.118871,-9.55942e-005,0,0,0.686629,5.0001,0,0,
0.1192,0.118871,-9.55942e-005,0,0,0.687129,5.0001,0,0,
0.1193,0.118871,-9.55942e-005,0,0,0.687629,5.0001,0,0,
0.1194,0.118871,-9.55942e-005,0,0,0.688129,5.0001,0,0,
0.1195,0.118871,-9.55942e-005,0,0,0.688629,5.0001,0,0,
0.1196,0.118871,-9.55942e-005,0,0,0.689129,5.0001,0,0,
0.1197,0.118871,-9.55942e-005,0,0,0.689629,5.0001,0,0,
0.1198,0.118871,-9.55942e-005,0,0,0.690129,5.0001,0,0,
0.1199,0.118871,-9.55942e-005,0,0,0.690629,5.0001,0,0,
0.12,0.118871,-9.55942e-005,0,0,0.691129,5.0001,0,0,
0.1201,0.118871,-9.55942e-005,0,0,0.691629,5.0001,0,0,
0.1202,0.118871,-9.55942e-005,0,0,0.692129,5.0001,0,0,
0.1203,0.118871,-9.55942e-005,0,0,0.692629,5.0001,0,0,
0.1204,0.118871,-9.55942e-005,0,0,0.693129,5.0001,0,0,
0.1205,0.118871,-9.55942e-005,0,0,0.693629,5.0001,0,0,
0.1206,0.118871,-9.55942e-005,0,0,0.694129,5.0001,0,0,
0.1207,0.118871,-9.55942e-005,0,0,0.694629,5.0001,0,0,
0.1208,0.118871,-9.55942e-005,0,0,0.695129,5.0001,0,0,
0.1209,0.118871,-9.55942e-005,0,0,0.695629,5.0001,0,0,
0.121,0.118871,-9.55942e-005,0,0,0.696129,5.0001,0,0,
0.1211,0.118871,-9.55942e-005,0,0,0.696629,5.0001,0,0,
0.1212,0.118871,-9.55942e-005,0,0,0.697129,5.0001,0,0,
0.1213,0.118871,-9.55942e-005,0,0,0.697629,5.0001,0,0,
0.1214,0.118871,-9.55942e-005,0,0,0.698129,5.0001,0,0,
0.1215,0.118871,-9.55942e-005,0,0,0.698629,5.0001,0,0,
0.1216,0.118871,-9.55942e-005,0,0,0.699129,5.0001,0,0,
0.1217,0.118871,-9.55942e-005,0,0,0.699629,5.0001,0,0,
0.1218,0.118871,-9.55942e-005,0,0,0.700129,5.0001,0,0,
0.1219,0.118871,-9.55942e-005,0,0,0.700629,5.0001,0,0,
0.122,0.118871,-9.55942e-005,0,0,0.701129,5.0001,0,0,
0.1221,0.118871,-9.55942e-005,0,0,0.701629,5.0001,0,0,
0.1222,0.118871,-9.55942e-005,0,0,0.702129,5.0001,0,0,
0.1223,0.118871,-9.55942e-005,0,0,0.702629,5.0001,0,0,
0.1224,0.118871,-9.55942e-005,0,0,0.703129,5.0001,0,0,
0.1225,0.118871,-9.55942e-005,0,0,0.703629,5.0001,0,0,
0.1226,0.118871,-9.55942e-005,0,0,0.704129,5.0001,0,0,
0.1227,0.118871,-9.55942e-005,0,0,0.704629,5.0001,0,0,
0.1228,0.118871,-9.55942e-005,0,0,0.705129,5.0001,0,0,
0.1229,0.118871,-9.55942e-005,0,0,0.705629,5.0001,0,0,
0.123,0.118871,-9.55942e-005,0,0,0.706129,5.0001,0,0,
0.1231,0.118871,-9.55942e-005,0,0,0.706629,5.0001,0,0,
0.1232,0.118871,-9.55942e-005,0,0,0.707129,5.0001,0,0,
0.1233,0.118871,-9.55942e-005,0,0,0.707629,5.0001,0,0,
0.1234,0.118871,-9.55942e-005,0,0,0.708129,5.0001,0,0,
0.1235,0.118871,-9.55942e-005,0,0,0.708629,5.0001,0,0,
0.1236,0.118871,-9.55942e-005,0,0,0.709129,5.0001,0,0,
0.1237,0.118871,-9.55942e-005,0,0,0.709629,5.0001,0,0,
0.1238,0.118871,-9.55942e-005,0,0,0.710129,5.0001,0,0,
0.1239,0.118871,-9.55942e-005,0,0,0.710629,5.0001,0,0,
0.124,0.118871,-9.55942e-005,0,0,0.711129,5.0001,0,0,
0.1241,0.118871,-9.55942e-005,0,0,0.711629,5.0001,0,0,
0.1242,0.118871,-9.55942e-005,0,0,0.712129,5.0001,0,0,
0.1243,0.118871,-9.55942e-005,0,0,0.712629,5.0001,0,0,
0.1244,0.118871,-9.55942e-005,0,0,0.713129,5.0001,0,0,
0.1245,0.118871,-9.55942e-005,0,0,0.713629,5.0001,0,0,
0.1246,0.118871,-9.55942e-005,0,0,0.714129,5.0001,0,0,
0.1247,0.118871,-9.55942e-005,0,0,0.714629,5.0001,0,0,
0.1248,0.118871,-9.55942e-005,0,0,0.715129,5.0001,0,0,
0.1249,0.118871,-9.55942e-005,0,0,0.715629,5.0001,0,0,
0.125,0.118871,-9.55942e-005,0,0,0.716129,5.0001,0,0,
0.1251,0.11887,-9.55942e-005,0,0,0.71663,5.0001,0,0,
0.1252,0.11887,-9.55942e-005,0,0,0.71713,5.0001,0,0,
0.1253,0.11887,-9.55942e-005,0,0,0.71763,5.0001,0,0,
0.1254,0.11887,-9.55942e-005,0,0,0.71813,5.0001,0,0,
0.1255,0.11887,-9.55942e-005,0,0,0.71863,5.0001,0,0,
0.1256,0.11887,-9.55942e-005,0,0,0.71913,5.0001,0,0,
0.1257,0.11887,-9.55942e-005,0,0,0.71963,5.0001,0,0,
0.1258,0.11887,-9.55942e-005,0,0,0.72013,5.0001,0,0,
0.1259,0.11887,-9.55942e-005,0,0,0.72063,5.0001,0,0,
0.126,0.11887,-9.55942e-005,0,0,0.72113,5.0001,0,0,
0.1261,0.11887,-9.55942e-005,0,0,0.72163,5.0001,0,0,
0.1262,0.11887,-9.55942e-005,0,0,0.72213,5.0001,0,0,
0.1263,0.11887,-9.55942e-005,0,0,0.72263,5.0001,0,0,
0.1264,0.11887,-9.55942e-005,0,0,0.72313,5.0001,0,0,
0.1265,0.11887,-9.55942e-005,0,0,0.72363,5.0001,0,0,
0.1266,0.11887,-9.55942e-005,0,0,0.72413,5.0001,0,0,
0.1267,0.11887,-9.55942e-005,0,0,0.72463,5.0001,0,0,
0.1268,0.11887,-9.55942e-005,0,0,0.72513,5.0001,0,0,
0.1269,0.11887,-9.55942e-005,0,0,0.72563,5.0001,0,0,
0.127,0.11887,-9.55942e-005,0,0,0.72613,5.0001,0,0,
0.1271,0.11887,-9.55942e-005,0,0,0.72663,5.0001,0,0,
0.1272,0.11887,-9.55942e-005,0,0,0.72713,5.0001,0,0,
0.1273,0.11887,-9.55942e-005,0,0,0.72763,5.0001,0,0,
0.1274,0.11887,-9.55942e-005,0,0,0.72813,5.0001,0,0,
0.1275,0.11887,-9.55942e-005,0,0,0.72863,5.0001,0,0,
0.1276,0.11887,-9.55942e-005,0,0,0.72913,5.0001,0,0,
0.1277,0.11887,-9.55942e-005,0,0,0.72963,5.0001,0,0,
0.1278,0.11887,-9.55942e-005,0,0,0.73013,5.0001,0,0,
0.1279,0.11887,-9.55942e-005,0,0,0.73063,5.0001,0,0,
0.128,0.11887,-9.55942e-005,0,0,0.73113,5.0001,0,0,
0.1281,0.11887,-9.55942e-005,0,0,0.73163,5.0001,0,0,
0.1282,0.11887,-9.55942e-005,0,0,0.73213,5.0001,0,0,
0.1283,0.11887,-9.55942e-005,0,0,0.73263,5.0001,0,0,
0.1284,0.11887,-9.55942e-005,0,0,0.73313,5.0001,0,0,
0.1285,0.11887,-9.55942e-005,0,0,0.73363,5.0001,0,0,
0.1286,0.11887,-9.55942e-005,0,0,0.73413,5.0001,0,0,
0.1287,0.11887,-9.55942e-005,0,0,0.73463,5.0001,0,0,
0.1288,0.11887,-9.55942e-005,0,0,0.73513,5.0001,0,0,
0.1289,0.11887,-9.55942e-005,0,0,0.73563,5.0001,0,0,
0.129,0.11887,-9.55942e-005,0,0,0.73613,5.0001,0,0,
0.1291,0.11887,-9.55942e-005,0,0,0.73663,5.0001,0,0,
0.1292,0.11887,-9.55942e-005,0,0,0.73713,5.0001,0,0,
0.1293,0.11887,-9.55942e-005,0,0,0.73763,5.0001,0,0,
0.1294,0.11887,-9.55942e-005,0,0,0.73813,5.0001,0,0,
0.1295,0.11887,-9.55942e-005,0,0,0.73863,5.0001,0,0,
0.1296,0.11887,-9.55942e-005,0,0,0.73913,5.0001,0,0,
0.1297,0.11887,-9.55942e-005,0,0,0.73963,5.0001,0,0,
0.1298,0.11887,-9.55942e-005,0,0,0.74013,5.0001,0,0,
0.1299,0.11887,-9.55942e-005,0,0,0.74063,5.0001,0,0,
0.13,0.11887,-9.55942e-005,0,0,0.74113,5.0001,0,0,
0.1301,0.11887,-9.55942e-005,0,0,0.74163,5.0001,0,0,
0.1302,0.11887,-9.55942e-005,0,0,0.74213,5.0001,0,0,
0.1303,0.11887,-9.55942e-005,0,0,0.74263,5.0001,0,0,
0.1304,0.11887,-9.55942e-005,0,0,0.74313,5.0001,0,0,
0.1305,0.11887,-9.55942e-005,0,0,0.74363,5.0001,0,0,
0.1306,0.11887,-9.55942e-005,0,0,0.74413,5.0001,0,0,
0.1307,0.11887,-9.55942e-005,0,0,0.74463,5.0001,0,0,
0.1308,0.11887,-9.55942e-005,0,0,0.74513,5.0001,0,0,
0.1309,0.11887,-9.55942e-005,0,0,0.74563,5.0001,0,0,
0.131,0.11887,-9.55942e-005,0,0,0.74613,5.0001,0,0,
0.1311,0.11887,-9.55942e-005,0,0,0.74663,5.0001,0,0,
0.1312,0.11887,-9.55942e-005,0,0,0.74713,5.0001,0,0,
0.1313,0.11887,-9.55942e-005,0,0,0.74763,5.0001,0,0,
0.1314,0.11887,-9.55942e-005,0,0,0.74813,5.0001,0,0,
0.1315,0.11887,-9.55942e-005,0,0,0.74863,5.0001,0,0,
0.1316,0.11887,-9.55942e-005,0,0,0.74913,5.0001,0,0,
0.1317,0.11887,-9.55942e-005,0,0,0.74963,5.0001,0,0,
0.1318,0.11887,-9.55942e-005,0,0,0.75013,5.0001,0,0,
0.1319,0.11887,-9.55942e-005,0,0,0.75063,5.0001,0,0,
0.132,0.11887,-9.55942e-005,0,0,0.75113,5.0001,0,0,
0.1321,0.11887,-9.55942e-005,0,0,0.75163,5.0001,0,0,
0.1322,0.11887,-9.55942e-005,0,0,0.75213,5.0001,0,0,
0.1323,0.11887,-9.55942e-005,0,0,0.75263,5.0001,0,0,
0.1324,0.11887,-9.55942e-005,0,0,0.75313,5.0001,0,0,
0.1325,0.11887,-9.55942e-005,0,0,0.75363,5.0001,0,0,
0.1326,0.11887,-9.55942e-005,0,0,0.75413,5.0001,0,0,
0.1327,0.11887,-9.55942e-005,0,0,0.75463,5.0001,0,0,
0.1328,0.11887,-9.55942e-005,0,0,0.75513,5.0001,0,0,
0.1329,0.11887,-9.55942e-005,0,0,0.75563,5.0001,0,0,
0.133,0.11887,-9.55942e-005,0,0,0.75613,5.0001,0,0,
0.1331,0.11887,-9.55942e-005,0,0,0.75663,5.0001,0,0,
0.1332,0.11887,-9.55942e-005,0,0,0.75713,5.0001,0,0,
0.1333,0.11887,-9.55942e-005,0,0,0.75763,5.0001,0,0,
0.1334,0.11887,-9.55942e-005,0,0,0.75813,5.0001,0,0,
0.1335,0.11887,-9.55942e-005,0,0,0.75863,5.0001,0,0,
0.1336,0.11887,-9.55942e-005,0,0,0.75913,5.0001,0,0,
0.1337,0.11887,-9.55942e-005,0,0,0.75963,5.0001,0,0,
0.1338,0.11887,-9.55942e-005,0,0,0.76013,5.0001,0,0,
0.1339,0.11887,-9.55942e-005,0,0,0.76063,5.0001,0,0,
0.134,0.11887,-9.55942e-005,0,0,0.76113,5.0001,0,0,
0.1341,0.11887,-9.55942e-005,0,0,0.76163,5.0001,0,0,
0.1342,0.11887,-9.55942e-005,0,0,0.76213,5.0001,0,0,
0.1343,0.11887,-9.55942e-005,0,0,0.76263,5.0001,0,0,
0.1344,0.11887,-9.55942e-005,0,0,0.76313,5.0001,0,0,
0.1345,0.11887,-9.55942e-005,0,0,0.76363,5.0001,0,0,
0.1346,0.11887,-9.55942e-005,0,0,0.76413,5.0001,0,0,
0.1347,0.11887,-9.55942e-005,0,0,0.76463,5.0001,0,0,
0.1348,0.11887,-9.55942e-005,0,0,0.76513,5.0001,0,0,
0.1349,0.11887,-9.55942e-005,0,0,0.76563,5.0001,0,0,
0.135,0.11887,-9.55942e-005,0,0,0.76613,5.0001,0,0,
0.1351,0.11887,-9.55942e-005,0,0,0.76663,5.0001,0,0,
0.1352,0.11887,-9.55942e-005,0,0,0.76713,5.0001,0,0,
0.1353,0.11887,-9.55942e-005,0,0,0.76763,5.0001,0,0,
0.1354,0.11887,-9.55942e-005,0,0,0.76813,5.0001,0,0,
0.1355,0.11887,-9.55942e-005,0,0,0.76863,5.0001,0,0,
0.1356,0.118869,-9.55942e-005,0,0,0.769131,5.0001,0,0,
0.1357,0.118869,-9.55942e-005,0,0,0.769631,5.0001,0,0,
0.1358,0.118869,-9.55942e-005,0,0,0.770131,5.0001,0,0,
0.1359,0.118869,-9.55942e-005,0,0,0.770631,5.0001,0,0,
0.136,0.118869,-9.55942e-005,0,0,0.771131,5.0001,0,0,
0.1361,0.118869,-9.55942e-005,0,0,0.771631,5.0001,0,0,
0.1362,0.118869,-9.55942e-005,0,0,0.772131,5.0001,0,0,
0.1363,0.118869,-9.55942e-005,0,0,0.772631,5.0001,0,0,
0.1364,0.118869,-9.55942e-005,0,0,0.773131,5.0001,0,0,
0.1365,0.118869,-9.55942e-005,0,0,0.773631,5.0001,0,0,
0.1366,0.118869,-9.55942e-005,0,0,0.774131,5.0001,0,0,
0.1367,0.118869,-9.55942e-005,0,0,0.774631,5.0001,0,0,
0.1368,0.118869,-9.55942e-005,0,0,0.775131,5.0001,0,0,
0.1369,0.118869,-9.55942e-005,0,0,0.775631,5.0001,0,0,
0.137,0.118869,-9.55942e-005,0,0,0.776131,5.0001,0,0,
0.1371,0.118869,-9.55942e-005,0,0,0.776631,5.0001,0,0,
0.1372,0.118869,-9.55942e-005,0,0,0.777131,5.0001,0,0,
0.1373,0.118869,-9.55942e-005,0,0,0.777631,5.0001,0,0,
0.1374,0.118869,-9.55942e-005,0,0,0.778131,5.0001,0,0,
0.1375,0.118869,-9.55942e-005,0,0,0.778631,5.0001,0,0,
0.1376,0.118869,-9.55942e-005,0,0,0.779131,5.0001,0,0,
0.1377,0.118869,-9.55942e-005,0,0,0.779631,5.0001,0,0,
0.1378,0.118869,-9.55942e-005,0,0,0.780131,5.0001,0,0,
0.1379,0.118869,-9.55942e-005,0,0,0.780631,5.0001,0,0,
0.138,0.118869,-9.55942e-005,0,0,0.781131,5.0001,0,0,
0.1381,0.118869,-9.55942e-005,0,0,0.781631,5.0001,0,0,
0.1382,0.118869,-9.55942e-005,0,0,0.782131,5.0001,0,0,
0.1383,0.118869,-9.55942e-005,0,0,0.782631,5.0001,0,0,
0.1384,0.118869,-9.55942e-005,0,0,0.783131,5.0001,0,0,
0.1385,0.118869,-9.55942e-005,0,0,0.783631,5.0001,0,0,
0.1386,0.118869,-9.55942e-005,0,0,0.784131,5.0001,0,0,
0.1387,0.118869,-9.55942e-005,0,0,0.784631,5.0001,0,0,
0.1388,0.118869,-9.55942e-005,0,0,0.785131,5.0001,0,0,
0.1389,0.118869,-9.55942e-005,0,0,0.785631,5.0001,0,0,
0.139,0.118869,-9.55942e-005,0,0,0.786131,5.0001,0,0,
0.1391,0.118869,-9.55942e-005,0,0,0.786631,5.0001,0,0,
0.1392,0.118869,-9.55942e-005,0,0,0.787131,5.0001,0,0,
0.1393,0.118869,-9.55942e-005,0,0,0.787631,5.0001,0,0,
0.1394,0.118869,-9.55942e-005,0,0,0.788131,5.0001,0,0,
0.1395,0.118869,-9.55942e-005,0,0,0.788631,5.0001,0,0,
0.1396,0.118869,-9.55942e-005,0,0,0.789131,5.0001,0,0,
0.1397,0.118869,-9.55942e-005,0,0,0.789631,5.0001,0,0,
0.1398,0.118869,-9.55942e-005,0,0,0.790131,5.0001,0,0,
0.1399,0.118869,-9.55942e-005,0,0,0.790631,5.0001,0,0,
0.14,0.118869,-9.55942e-005,0,0,0.791131,5.0001,0,0,
0.1401,0.118869,-9.55942e-005,0,0,0.791631,5.0001,0,0,
0.1402,0.118869,-9.55942e-005,0,0,0.792131,5.0001,0,0,
0.1403,0.118869,-9.55942e-005,0,0,0.792631,5.0001,0,0,
0.1404,0.118869,-9.55942e-005,0,0,0.793131,5.0001,0,0,
0.1405,0.118869,-9.55942e-005,0,0,0.793631,5.0001,0,0,
0.1406,0.118869,-9.55942e-005,0,0,0.794131,5.0001,0,0,
0.1407,0.118869,-9.55942e-005,0,0,0.794631,5.0001,0,0,
0.1408,0.118869,-9.55942e-005,0,0,0.795131,5.0001,0,0,
0.1409,0.118869,-9.55942e-005,0,0,0.795631,5.0001,0,0,
0.141,0.118869,-9.55942e-005,0,0,0.796131,5.0001,0,0,
0.1411,0.118869,-9.55942e-005,0,0,0.796631,5.0001,0,0,
0.1412,0.118869,-9.55942e-005,0,0,0.797131,5.0001,0,0,
0.1413,0.118869,-9.55942e-005,0,0,0.797631,5.0001,0,0,
0.1414,0.118869,-9.55942e-005,0,0,0.798131,5.0001,0,0,
0.1415,0.118869,-9.55942e-005,0,0,0.798631,5.0001,0,0,
0.1416,0.118869,-9.55942e-005,0,0,0.799131,5.0001,0,0,
0.1417,0.118869,-9.55942e-005,0,0,0.799631,5.0001,0,0,
0.1418,0.118869,-9.55942e-005,0,0,0.800131,5.0001,0,0,
0.1419,0.118869,-9.55942e-005,0,0,0.800631,5.0001,0,0,
0.142,0.118869,-9.55942e-005,0,0,0.801131,5.0001,0,0,
0.1421,0.118869,-9.55942e-005,0,0,0.801631,5.0001,0,0,
0.1422,0.118869,-9.55942e-005,0,0,0.802131,5.0001,0,0,
0.1423,0.118869,-9.55942e-005,0,0,0.802631,5.0001,0,0,
0.1424,0.118869,-9.55942e-005,0,0,0.803131,5.0001,0,0,
0.1425,0.118869,-9.55942e-005,0,0,0.803631,5.0001,0,0,
0.1426,0.118869,-9.55942e-005,0,0,0.804131,5.0001,0,0,
0.1427,0.118869,-9.55942e-005,0,0,0.804631,5.0001,0,0,
0.1428,0.118869,-9.55942e-005,0,0,0.805131,5.0001,0,0,
0.1429,0.118869,-9.55942e-005,0,0,0.805631,5.0001,0,0,
0.143,0.118869,-9.55942e-005,0,0,0.806131,5.0001,0,0,
0.1431,0.118869,-9.55942e-005,0,0,0.806631,5.0001,0,0,
0.1432,0.118869,-9.55942e-005,0,0,0.807131,5.0001,0,0,
0.1433,0.118869,-9.55942e-005,0,0,0.807631,5.0001,0,0,
0.1434,0.118869,-9.55942e-005,0,0,0.808131,5.0001,0,0,
0.1435,0.118869,-9.55942e-005,0,0,0.808631,5.0001,0,0,
0.1436,0.118869,-9.55942e-005,0,0,0.809131,5.0001,0,0,
0.1437,0.118869,-9.55942e-005,0,0,0.809631,5.0001,0,0,
0.1438,0.118869,-9.55942e-005,0,0,0.810131,5.0001,0,0,
0.1439,0.118869,-9.55942e-005,0,0,0.810631,5.0001,0,0,
0.144,0.118869,-9.55942e-005,0,0,0.811131,5.0001,0,0,
0.1441,0.118869,-9.55942e-005,0,0,0.811631,5.0001,0,0,
0.1442,0.118869,-9.55942e-005,0,0,0.812131,5.0001,0,0,
0.1443,0.118869,-9.55942e-005,0,0,0.812631,5.0001,0,0,
0.1444,0.118869,-9.55942e-005,0,0,0.813131,5.0001,0,0,
0.1445,0.118869,-9.55942e-005,0,0,0.813631,5.0001,0,0,
0.1446,0.118869,-9.55942e-005,0,0,0.814131,5.0001,0,0,
0.1447,0.118869,-9.55942e-005,0,0,0.814631,5.0001,0,0,
0.1448,0.118869,-9.55942e-005,0,0,0.815131,5.0001,0,0,
0.1449,0.118869,-9.55942e-005,0,0,0.815631,5.0001,0,0,
0.145,0.118869,-9.55942e-005,0,0,0.816131,5.0001,0,0,
0.1451,0.118869,-9.55942e-005,0,0,0.816631,5.0001,0,0,
0.1452,0.118869,-9.55942e-005,0,0,0.817131,5.0001,0,0,
0.1453,0.118869,-9.55942e-005,0,0,0.817631,5.0001,0,0,
0.1454,0.118869,-9.55942e-005,0,0,0.818131,5.0001,0,0,
0.1455,0.118869,-9.55942e-005,0,0,0.818631,5.0001,0,0,
0.1456,0.118869,-9.55942e-005,0,0,0.819131,5.0001,0,0,
0.1457,0.118869,-9.55942e-005,0,0,0.819631,5.0001,0,0,
0.1458,0.118869,-9.55942e-005,0,0,0.820131,5.0001,0,0,
0.1459,0.118869,-9.55942e-005,0,0,0.820631,5.0001,0,0,
0.146,0.118868,-9.55942e-005,0,0,0.821132,5.0001,0,0,
0.1461,0.118868,-9.55942e-005,0,0,0.821632,5.0001,0,0,
0.1462,0.118868,-9.55942e-005,0,0,0.822132,5.0001,0,0,
0.1463,0.118868,-9.55942e-005,0,0,0.822632,5.0001,0,0,
0.1464,0.118868,-9.55942e-005,0,0,0.823132,5.0001,0,0,
0.1465,0.118868,-9.55942e-005,0,0,0.823632,5.0001,0,0,
0.1466,0.118868,-9.55942e-005,0,0,0.824132,5.0001,0,0,
0.1467,0.118868,-9.55942e-005,0,0,0.824632,5.0001,0,0,
0.1468,0.118868,-9.55942e-005,0,0,0.825132,5.0001,0,0,
0.1469,0.118868,-9.55942e-005,0,0,0.825632,5.0001,0,0,
0.147,0.118868,-9.55942e-005,0,0,0.826132,5.0001,0,0,
0.1471,0.118868,-9.55942e-005,0,0,0.826632,5.0001,0,0,
0.1472,0.118868,-9.55942e-005,0,0,0.827132,5.0001,0,0,
0.1473,0.118868,-9.55942e-005,0,0,0.827632,5.0001,0,0,
0.1474,0.118868,-9.55942e-005,0,0,0.828132,5.0001,0,0,
0.1475,0.118868,-9.55942e-005,0,0,0.828632,5.0001,0,0,
0.1476,0.118868,-9.55942e-005,0,0,0.829132,5.0001,0,0,
0.1477,0.118868,-9.55942e-005,0,0,0.829632,5.0001,0,0,
0.1478,0.118868,-9.55942e-005,0,0,0.830132,5.0001,0,0,
0.1479,0.118868,-9.55942e-005,0,0,0.830632,5.0001,0,0,
0.148,0.118868,-9.55942e-005,0,0,0.831132,5.0001,0,0,
0.1481,0.118868,-9.55942e-005,0,0,0.831632,5.0001,0,0,
0.1482,0.118868,-9.55942e-005,0,0,0.832132,5.0001,0,0,
0.1483,0.118868,-9.55942e-005,0,0,0.832632,5.0001,0,0,
0.1484,0.118868,-9.55942e-005,0,0,0.833132,5.0001,0,0,
0.1485,0.118868,-9.55942e-005,0,0,0.833632,5.0001,0,0,
0.1486,0.118868,-9.55942e-005,0,0,0.834132,5.0001,0,0,
0.1487,0.118868,-9.55942e-005,0,0,0.834632,5.0001,0,0,
0.1488,0.118868,-9.55942e-005,0,0,0.835132,5.0001,0,0,
0.1489,0.118868,-9.55942e-005,0,0,0.835632,5.0001,0,0,
0.149,0.118868,-9.55942e-005,0,0,0.836132,5.0001,0,0,
0.1491,0.118868,-9.55942e-005,0,0,0.836632,5.0001,0,0,
0.1492,0.118868,-9.55942e-005,0,0,0.837132,5.0001,0,0,
0.1493,0.118868,-9.55942e-005,0,0,0.837632,5.0001,0,0,
0.1494,0.118868,-9.55942e-005,0,0,0.838132,5.0001,0,0,
0.1495,0.118868,-9.55942e-005,0,0,0.838632,5.0001,0,0,
0.1496,0.118868,-9.55942e-005,0,0,0.839132,5.0001,0,0,
0.1497,0.118868,-9.55942e-005,0,0,0.839632,5.0001,0,0,
0.1498,0.118868,-9.55942e-005,0,0,0.840132,5.0001,0,0,
0.1499,0.118868,-9.55942e-005,0,0,0.840632,5.0001,0,0,
0.15,0.118868,-9.55942e-005,0,0,0.841132,5.0001,0,0,
0.1501,0.118868,-9.55942e-005,0,0,0.841632,5.0001,0,0,
